"","V1","V2","V3","V4","V5","V6","V7","V8","V9","V10","V11","V12","V13","V14","V15","bug","loc","bf","hcm"
"1",0,0,0,0,0,0.693147180559945,0,0,0,0,0,4.04305126783455,2.19722457733622,0.693147180559945,6.13339804299665,1,5.14166355650266,3,10.4552
"2",0,1.94591014905531,0,3.52636052461616,0,0,5.52942908751142,0,1.38629436111989,1.6094379124341,0,3.78418963391826,4.14313472639153,8.27435700675629,3.3322045101752,2,6.72142570079064,42,13.9297
"3",0,0,2.07944154167984,6.3297209055227,2.19722457733622,0,4.00733318523247,0,0,0,0,5.3890717298165,0.693147180559945,0,3.3322045101752,0,4.93447393313069,9,9.3931
"4",3.73766961828337,0,3.76120011569356,0.693147180559945,0,0,0,0.693147180559945,0,0,0.693147180559945,3.3322045101752,3.04452243772342,2.484906649788,4.00733318523247,0,3.71357206670431,2,2.46341
"5",0,0,0,3.29583686600433,3.40119738166216,0,3.43398720448515,0,0,0,0,0,0,1.6094379124341,2.484906649788,0,2.99573227355399,0,0
"6",0,2.63905732961526,7.49831587076698,6.00881318544259,4.85981240436167,0,0,0,0,0.693147180559945,3.13549421592915,5.95583736946483,1.09861228866811,0,2.56494935746154,0,5.48479693349065,13,16.4641
"7",0.693147180559945,0,0,3.8286413964891,0,0,0,0,0,0,0,4.61512051684126,0,0,0,0,1.6094379124341,1,4.24084
"8",0,0,0,0,0,6.38350663488401,1.38629436111989,0,0,0,0,0,0,0,0,0,5.84643877505772,1,1.35264
"9",0,0,0,5.91889385427315,0,0,0,1.09861228866811,0.693147180559945,0,0,5.70044357339069,0,0,0,1,3.80666248977032,4,6.60956
"10",0,0,3.80666248977032,6.58892647753352,0,0,3.09104245335832,0.693147180559945,1.38629436111989,2.30258509299405,4.66343909411207,1.38629436111989,1.6094379124341,0,0,0,5.20948615284142,4,5.34192
"11",0,6.54391184556479,0,0,0,2.30258509299405,0,1.38629436111989,0,5.95324333428778,0,3.13549421592915,0,0,2.07944154167984,0,5.20948615284142,6,7.7902
"12",0,0,0,4.04305126783455,0.693147180559945,0,1.09861228866811,0,0,4.0943445622221,2.77258872223978,1.38629436111989,0,0,0.693147180559945,0,2.63905732961526,1,1.17486
"13",0,0.693147180559945,0,1.38629436111989,4.86753445045558,0,0,0.693147180559945,0,0,0.693147180559945,0,0,0,0,0,1.94591014905531,0,0
"14",0,2.30258509299405,0,2.07944154167984,0.693147180559945,0,0,0,0,0,2.484906649788,4.48863636973214,0,0.693147180559945,1.79175946922805,0,3.04452243772342,2,5.50819
"15",0.693147180559945,0,0,4.71849887129509,0,0,0,0,0,0.693147180559945,4.70953020131233,3.55534806148941,1.38629436111989,2.30258509299405,0,0,3.71357206670431,0,0
"16",0,0,0,3.78418963391826,0,0,4.15888308335967,3.09104245335832,0,0.693147180559945,1.09861228866811,4.23410650459726,5.44673737166631,1.94591014905531,3.80666248977032,0,4.12713438504509,5,11.5269
"17",0,1.94591014905531,4.89783979995091,0,2.07944154167984,0,0,0,0.693147180559945,0.693147180559945,0,1.38629436111989,4.30406509320417,0,0,0,4.00733318523247,0,0
"18",3.2188758248682,0,1.38629436111989,0,0,0.693147180559945,1.79175946922805,0,2.07944154167984,0,0.693147180559945,2.19722457733622,3.95124371858143,5.5834963087817,0,1,4.34380542185368,1,0.871061
"19",0,4.31748811353631,0,0,0,0,0,0,0,4.79579054559674,0,0,0.693147180559945,0,0,0,3.68887945411394,1,3.28866
"20",0,0,3.58351893845611,1.6094379124341,4.43081679884331,0,0,2.07944154167984,0.693147180559945,0.693147180559945,1.09861228866811,0,0,0.693147180559945,0,0,2.70805020110221,2,4.2341
"21",0,0,3.76120011569356,3.66356164612965,0,0,0,0,0.693147180559945,0,0,0,4.54329478227,2.63905732961526,5.58724865840025,0,4.68213122712422,2,2.6029
"22",0,0,1.79175946922805,0,5.39816270151775,2.56494935746154,3.66356164612965,0,0,0,0.693147180559945,1.09861228866811,0,0,0,0,3.80666248977032,1,7.75655
"23",0,1.09861228866811,4.90527477843843,2.30258509299405,2.70805020110221,0,0,3.40119738166216,0,0,2.39789527279837,0,0,0,0,1,4.02535169073515,3,5.46076
"24",0,0,0,0,0,0,1.09861228866811,0,0,4.15888308335967,0,0,0.693147180559945,0.693147180559945,0,0,2.07944154167984,2,4.08464
"25",0,3.29583686600433,0,0,0,3.09104245335832,0,0,1.09861228866811,0,1.09861228866811,0,1.94591014905531,0,5.39816270151775,0,4.30406509320417,1,3.9126
"26",0,0,0,0,0,0,0,0.693147180559945,0,0,0,0,0,0,3.61091791264422,0,1.38629436111989,0,2.42975
"27",0,0,0,0.693147180559945,0,0,6.12905021006055,0,0,0,4.61512051684126,3.13549421592915,0,0.693147180559945,0,1,4.17438726989564,11,11.9647
"28",0,4.18965474202643,0,0,0,0,0,3.8286413964891,0.693147180559945,0,0.693147180559945,0,0,0,4.40671924726425,0,3.55534806148941,1,2.24283
"29",0,0,0,0,0,0,0,3.2188758248682,0,0,0,0,0,0,5.28826703069454,0,4.04305126783455,1,7.59491
"30",0,0,4.70048036579242,4.93447393313069,2.484906649788,0,0,0,0,0,1.38629436111989,0,0,5.52146091786225,0,3,4.87519732320115,2,2.2048
"31",0,0,3.95124371858143,0,0.693147180559945,0,0,3.43398720448515,0,0,4.0943445622221,0,0,0,0,0,2.99573227355399,2,4.01034
"32",0,0,0,1.79175946922805,0.693147180559945,0,3.17805383034795,0,0,0.693147180559945,0,0,1.6094379124341,0,0,0,2.30258509299405,1,1.35264
"33",0,0,0,0,0,0,0,0,0,0,0,1.09861228866811,0,0,6.28226674689601,0,4.97673374242057,4,8.83948
"34",0,4.21950770517611,0,0,0,0,0,0,0,4.83628190695148,0,0,0,0,0,0,3.68887945411394,1,3.28866
"35",0,0,0,0,0,0,0,0,0,0,0,0,0,4.02535169073515,1.38629436111989,0,0,1,0.792859
"36",0,3.85014760171006,0,4.12713438504509,0,0,0,2.39789527279837,0.693147180559945,0,0,3.87120101090789,0,0,2.19722457733622,0,3.58351893845611,1,4.04759
"37",0,0,0,1.38629436111989,0,0,1.38629436111989,3.73766961828337,0,0,0,1.09861228866811,0,0,6.42486902390539,0,4.47733681447821,1,7.67536
"38",0,0,0,0,3.46573590279973,0,0,0,0,0,0,0,0,0.693147180559945,0,0,1.38629436111989,1,1.18716
"39",0,0,0,0,0,0,0,3.52636052461616,0,0,0,0,0,0,4.92725368515721,0,2.94443897916644,1,3.81153
"40",0,3.66356164612965,0,0,0,0,0,0,0,1.38629436111989,4.23410650459726,3.58351893845611,0,0,0,0,2.63905732961526,1,2.88097
"41",0,0,0,6.880384082186,0,0,5.36597601502185,0,0,0,3.09104245335832,0,5.95324333428778,0.693147180559945,1.09861228866811,0,5.59098698051086,15,19.4885
"42",0,0,3.49650756146648,0,0,0,3.95124371858143,0,0,1.79175946922805,0.693147180559945,1.6094379124341,0.693147180559945,0,0,0,3.36729582998647,1,1.12713
"43",0,0.693147180559945,1.38629436111989,0,5.92157841964382,0,0,0,1.6094379124341,0,0,0,0,0,0,0,3.61091791264422,1,1.18716
"44",0,0,0,0,0,0,4.71849887129509,0,0,0,3.46573590279973,0,0,0,2.19722457733622,0,2.63905732961526,3,4.99485
"45",0,0,0,0,5.43372200355424,0,0,0,0,0,0,0,0,0,0,0,2.89037175789616,1,6.50047
"46",0,0.693147180559945,0,4.04305126783455,4.99043258677874,0,0,0,1.09861228866811,0,0,3.71357206670431,0,0.693147180559945,1.38629436111989,0,3.43398720448515,2,6.08433
"47",0,0,0,6.95368421087054,0,0,7.75491027202143,0,0,0.693147180559945,5.92425579741453,2.99573227355399,3.55534806148941,4.70048036579242,1.79175946922805,3,5.37063802812766,34,31.8654
"48",0,0,0,2.70805020110221,4.8283137373023,0,0,1.09861228866811,0,2.19722457733622,3.66356164612965,4.18965474202643,0,0,4.75359019110636,0,4.36944785246702,0,0.740259
"49",7.26473017792987,0,0,0,0,0,0,0,0,0,0,1.09861228866811,0,0,0,0,6.40522845803084,0,1.03163
"50",0,0,3.3322045101752,0,6.01615715969835,0,0,0,0,0,0,0,0,0,0,1,3.8286413964891,3,3.46561
"51",1.38629436111989,1.38629436111989,0,5.7037824746562,0,0,0,0,0,1.38629436111989,0,4.71849887129509,0,0,0,0,2.30258509299405,3,4.85875
"52",0,1.79175946922805,0.693147180559945,0,0,0,0,0,0,3.98898404656427,0,0,0,0,0,0,2.39789527279837,1,3.28866
"53",0,2.07944154167984,2.39789527279837,0.693147180559945,0,0,1.09861228866811,0,0,5.12989871492307,0,0,0,0,0,0,3.17805383034795,1,3.28866
"54",0,0,5.53338948872752,0,1.6094379124341,0,2.07944154167984,0,2.30258509299405,0,0,0,0,0,0,0,4.15888308335967,2,2.35699
"55",3.71357206670431,4.97673374242057,4.53259949315326,2.77258872223978,0,0,0,2.484906649788,0,0.693147180559945,1.79175946922805,0,0,1.38629436111989,0,0,2.63905732961526,1,1.23854
"56",0,0,0,0,0,0,5.74300318780948,0,0,3.89182029811063,2.30258509299405,0,0,1.38629436111989,0,1,3.40119738166216,5,9.15338
"57",0,0,5.07517381523383,5.01063529409626,0,0,3.55534806148941,2.484906649788,0,0,0,0,0,6.83625927727707,1.38629436111989,0,5.4380793089232,2,1.54522
"58",0,0,1.38629436111989,0.693147180559945,4.36944785246702,0,0,3.46573590279973,0,2.30258509299405,1.09861228866811,0,0,0,0,0,2.99573227355399,1,1.18716
"59",0,0.693147180559945,0,0,0,0,0,0,0,0,0,0,0,3.76120011569356,0,0,0,1,0.792859
"60",0,0,4.39444915467244,0,4.47733681447821,0,0,0,0,0,2.30258509299405,0,1.38629436111989,3.2188758248682,3.49650756146648,1,2.56494935746154,2,7.3729
"61",0,1.6094379124341,0,1.09861228866811,4.89783979995091,0,0,2.19722457733622,0,0,0,3.40119738166216,0,0,5.16478597392351,0,4.07753744390572,2,7.36559
"62",0,0,0,2.30258509299405,0,0,0,3.91202300542815,0,0,0,0,0,0,3.8286413964891,0,2.39789527279837,1,3.66829
"63",0,0,0,0,0,7.9002660367677,0,0,0,0,0.693147180559945,0,0,0,0,0,7.31455283232408,1,1.35264
"64",0,1.6094379124341,6.94889722231331,0,0,0,0,1.6094379124341,4.76217393479776,0,3.95124371858143,0,0,0,0,0,4.75359019110636,1,0.907447
"65",2.56494935746154,3.13549421592915,0,2.83321334405622,0,0,0,1.79175946922805,5.18738580584075,0,0,0,0,0,0,0,3.95124371858143,1,2.83909
"66",0,0,0,2.56494935746154,0,0,0,0,1.38629436111989,0,0,0,2.07944154167984,2.19722457733622,4.40671924726425,0,3.36729582998647,2,2.6029
"67",0,2.19722457733622,3.80666248977032,0.693147180559945,0,0.693147180559945,7.24636808010246,2.70805020110221,0.693147180559945,1.79175946922805,5.18738580584075,2.99573227355399,0,2.99573227355399,0,5,1.94591014905531,30,27.817
"68",0,0,0,3.89182029811063,0,1.09861228866811,2.70805020110221,0,0,4.85981240436167,0,0,0,1.09861228866811,0,0,3.46573590279973,0,0
"69",0,0,0,0,0,0,0,2.56494935746154,0,0,0,0,0,0,4.77068462446567,0,2.99573227355399,0,2.99495
"70",0,0,0,6.99301512293296,0,0,5.21493575760899,0,0,0,4.91265488573605,0,2.70805020110221,3.85014760171006,0,1,5.16478597392351,3,2.62836
"71",0,0,0,0,0,7.22620901010067,0,0,0,0.693147180559945,0,0,0,0,0,0,6.76503897678054,1,1.35264
"72",0,1.94591014905531,0,1.09861228866811,0,1.38629436111989,2.77258872223978,0,0,0,0,4.81218435537242,0,4.06044301054642,0,0,3.78418963391826,2,1.23854
"73",0,0,0,0,0,0,3.2188758248682,0,0,1.38629436111989,2.07944154167984,0,0,3.55534806148941,0,0,0,6,3.38172
"74",0,0,2.07944154167984,2.77258872223978,0,0,0,0,0,0,0,0,0,4.51085950651685,1.38629436111989,0,2.56494935746154,0,1.64243
"75",0,0,0,0,0,0,0,0,0,2.30258509299405,2.19722457733622,0.693147180559945,4.00733318523247,0,3.63758615972639,0,3.04452243772342,3,5.15836
"76",0,0,0,2.07944154167984,0,0,0.693147180559945,2.19722457733622,0,0,1.38629436111989,0,4.17438726989564,0,0,0,0,1,1.17515
"77",0,0,2.19722457733622,5.32787616878958,3.25809653802148,0,1.94591014905531,0,0,0,2.484906649788,3.52636052461616,0,0,0,0,3.63758615972639,2,7.01764
"78",0,0,1.94591014905531,3.66356164612965,0,2.63905732961526,0,0,0,6.10031895202006,2.56494935746154,5.39362754635236,3.46573590279973,2.99573227355399,3.17805383034795,0,5.33271879326537,2,7.70696
"79",0,6.16331480403464,1.79175946922805,0,0,0,0,0,0,0,0,1.09861228866811,0,0,0,0,4.47733681447821,2,2.76873
"80",0,0,0,0,0,0,0,0,1.6094379124341,0,0,0,0,0,4.59511985013459,0,2.56494935746154,0,2.67407
"81",0,0,0,0,2.94443897916644,1.6094379124341,0,0,3.85014760171006,0,1.6094379124341,1.09861228866811,0,0,0,0,2.94443897916644,1,1.35264
"82",0,0,0,0,0,0,0,2.30258509299405,0,0,0,0,3.61091791264422,0,1.09861228866811,0,2.39789527279837,0,3.0742
"83",0,0,2.30258509299405,4.23410650459726,0,1.09861228866811,0,0,0,0,0,0,0,4.95582705760126,0,0,3.76120011569356,1,0.792859
"84",0,4.70953020131233,0,0,0,0,0,0,1.38629436111989,3.36729582998647,0,2.94443897916644,4.02535169073515,0,0.693147180559945,0,4.15888308335967,3,4.70913
"85",0,0,5.25227342804663,5.0998664278242,0,0,3.78418963391826,0,0,0,0,0,0,5.65948221575962,0,0,5.0998664278242,6,7.52307
"86",0,0,1.09861228866811,1.38629436111989,0,0,0,0,1.09861228866811,0,0,0.693147180559945,5.12989871492307,3.8286413964891,6.46458830368996,1,5.11799381241676,2,3.71322
"87",0,0,4.23410650459726,3.04452243772342,0,0,4.99043258677874,2.39789527279837,4.24849524204936,0,2.484906649788,0,5.24702407216049,3.89182029811063,0,0,4.85981240436167,4,5.74394
"88",0,3.46573590279973,2.63905732961526,4.24849524204936,0,0,0,0,0,0,2.07944154167984,0,1.38629436111989,0,3.36729582998647,0,3.55534806148941,0,1.3633
"89",0,0,0.693147180559945,0,0,0,0,0,3.17805383034795,0,3.8286413964891,0,2.89037175789616,0,4.89034912822175,0,3.68887945411394,2,5.06437
"90",0.693147180559945,0,3.40119738166216,0,5.26785815906333,0,0,0,0,0,0,0,0,0,0,0,3.3322045101752,3,4.74253
"91",0,6.19440539110467,2.83321334405622,0,0,0,0,0,0.693147180559945,0,0,0,0,0,0.693147180559945,0,4.51085950651685,3,4.00726
"92",0,0,0,0,0,0,0,0,0,3.3322045101752,0,2.07944154167984,1.09861228866811,0,0,0,0,1,1.48053
"93",7.33823815006559,1.6094379124341,4.88280192258637,0,2.63905732961526,0,2.30258509299405,2.30258509299405,0.693147180559945,4.85203026391962,1.38629436111989,0,0,0.693147180559945,0,0,6.35437004079735,3,6.53022
"94",0,1.79175946922805,0,0,0,0.693147180559945,1.6094379124341,0,0,0,0,0,0,0,4.97673374242057,0,2.94443897916644,0,2.67407
"95",0,0,0,0,6.01126717440416,0,0.693147180559945,1.79175946922805,0,0,0,0,0,0,0,0,2.77258872223978,0,0
"96",0,0,0,5.54517744447956,0,0,0.693147180559945,0,6.9782137426307,0,3.2188758248682,4.35670882668959,5.76519110278484,2.19722457733622,5.45958551414416,1,3.13549421592915,4,12.5926
"97",3.89182029811063,0,3.04452243772342,1.09861228866811,1.09861228866811,0,0,0,0,0,1.6094379124341,4.02535169073515,0,0,0,0,3.04452243772342,0,0
"98",0,0,0,4.54329478227,0,0,0,0,0,0,0,3.8286413964891,0,1.79175946922805,1.38629436111989,0,3.93182563272433,1,2.88097
"99",0,0,0,0,0,0,0,0,0.693147180559945,2.07944154167984,4.12713438504509,0,0,0.693147180559945,0,0,0,0,1.64243
"100",0,0,0.693147180559945,0,0,0,0,0,0.693147180559945,4.39444915467244,0.693147180559945,0,0,0,0,0,2.94443897916644,1,3.28866
"101",0,0,1.38629436111989,0,0,0,0,4.66343909411207,0,1.6094379124341,0,0,0,5.31320597904179,0.693147180559945,0,4.07753744390572,2,2.55842
"102",0,1.38629436111989,0,0,6.10255859461357,0,0,2.94443897916644,3.71357206670431,0,4.21950770517611,0,0,0,0,0,3.25809653802148,2,2.5984
"103",0,0,0,0,0,0,0,2.89037175789616,0,0,0,0,0,0,4.76217393479776,0,2.99573227355399,0,2.42975
"104",0,0,0,1.09861228866811,0,0,0,0,2.39789527279837,0,0,5.41164605185504,6.94985645500077,0,6.12468339089421,0,4.48863636973214,3,6.48196
"105",0,0,1.6094379124341,5.61677109766657,0,0,0.693147180559945,0,1.79175946922805,0,4.71849887129509,3.29583686600433,0,0,0,0,4.0943445622221,1,1.17486
"106",1.6094379124341,0,3.97029191355212,0,3.80666248977032,0,0,0,0,0,0,0,0,0,0,0,2.39789527279837,2,2.76004
"107",0,0,0,4.0943445622221,0,0,0,0,0,0,0,0,5.26269018890489,1.38629436111989,5.09375020080676,0,4.58496747867057,3,6.7985
"108",0,3.49650756146648,0,5.26785815906333,3.93182563272433,0,0,1.79175946922805,6.40025744530882,0,1.94591014905531,0.693147180559945,3.71357206670431,0,0,0,4.91265488573605,0,1.64243
"109",0,0,0,3.61091791264422,0.693147180559945,0,0,0,0,0,0,5.68357976733868,0,0,0,0,3.78418963391826,2,2.69823
"110",0.693147180559945,0,0,2.83321334405622,0,0,0,0,0,0,4.51085950651685,0,4.40671924726425,0,5.65599181081985,0,2.63905732961526,7,8.28731
"111",0,0,5.91620206260743,5.8636311755981,4.52178857704904,0,0,0,0,4.40671924726425,1.09861228866811,3.46573590279973,0,1.79175946922805,1.09861228866811,0,3.09104245335832,4,6.46103
"112",2.77258872223978,1.94591014905531,0,0,0,0.693147180559945,0,0,0,3.95124371858143,0,0,0,1.09861228866811,0,0,3.17805383034795,0,1.64243
"113",0,0,0,0,0,7.29844510150815,0,0,0.693147180559945,0.693147180559945,0,0,0,0,0,0,7.03174125876313,1,1.35264
"114",0,0,0,4.88280192258637,0,0,0,0,0,0,3.98898404656427,0,0,0,0,0,3.95124371858143,1,1.17486
"115",0,0,0,0,0,0,0,0,0,0,4.48863636973214,0,0,0,0,0,1.6094379124341,0,2.52013
"116",0,0,0,4.82028156560504,0,0,0,0,0,0,4.38202663467388,2.63905732961526,0,0,0,0,2.99573227355399,1,1.17486
"117",0,0,6.09356977004514,0,0,0,4.34380542185368,0,0,0,0,3.2188758248682,0,0,0,0,4.88280192258637,6,7.86104
"118",0,0,1.79175946922805,6.87729607149743,0,0,4.67282883446191,1.09861228866811,2.39789527279837,0.693147180559945,0,0,3.3322045101752,3.66356164612965,0,1,4.68213122712422,6,11.3053
"119",0,0,3.04452243772342,5.85507192220243,0,0,5.36129216570943,1.09861228866811,0,0,0,4.55387689160054,0,5.37063802812766,0,1,5.04342511691925,14,11.8687
"120",2.39789527279837,3.97029191355212,0,0,0.693147180559945,0,0,0,0,6.6052979209482,0,0,0,2.99573227355399,1.38629436111989,0,5.48479693349065,6,8.77321
"121",0,0,0.693147180559945,2.19722457733622,0,0,0,0,0,0,0,1.09861228866811,0,4.44265125649032,0,0,2.63905732961526,1,0.792859
"122",0,0,2.07944154167984,0,0,0,0,0,0,0,0,0,0,5.65599181081985,2.39789527279837,0,3.98898404656427,1,0.792859
"123",0,0,3.36729582998647,0,0,0,0,5.35658627467201,0,0,0,4.11087386417331,4.68213122712422,4.65396035015752,1.38629436111989,0,4.14313472639153,1,1.17515
"124",0,0,0,0,3.91202300542815,0,0,2.94443897916644,0,1.94591014905531,2.19722457733622,0,0,0,0,0,2.07944154167984,0,0
"125",0,0,3.93182563272433,0,0,2.39789527279837,5.90263333340137,0.693147180559945,0,3.95124371858143,1.09861228866811,0,0,1.94591014905531,3.29583686600433,0,4.63472898822964,2,4.83343
"126",1.09861228866811,4.04305126783455,1.94591014905531,5.79909265446053,0,0,0,0,5.11799381241676,0,0,4.63472898822964,2.70805020110221,0,0,0,4.89034912822175,0,0.740259
"127",0,0,0.693147180559945,0,6.0137151560428,3.40119738166216,4.54329478227,0,1.79175946922805,4.36944785246702,5.04342511691925,0,0,3.93182563272433,0,0,5.04342511691925,0,0.740259
"128",0,2.94443897916644,0,0,0,0.693147180559945,5.61677109766657,0,0,0,2.77258872223978,0,0,6.01126717440416,0,0,1.38629436111989,9,5.84867
"129",0,4.23410650459726,4.38202663467388,3.3322045101752,5.20948615284142,0,0,1.94591014905531,2.99573227355399,0,0,0,1.79175946922805,0,0.693147180559945,0,4.04305126783455,2,6.53653
"130",0,0,0,1.79175946922805,0,0,0,0,4.91265488573605,0,1.38629436111989,2.70805020110221,6.48004456192665,2.07944154167984,0,0,4.59511985013459,3,6.61495
"131",0,0,0,0,1.38629436111989,0,6.5191472879404,0,0,0,4.89034912822175,0,0,2.39789527279837,0,0,3.98898404656427,10,8.56136
"132",0,0,0,1.09861228866811,0.693147180559945,0,2.56494935746154,0,0,0,0,1.94591014905531,1.38629436111989,0.693147180559945,6.04500531403601,0,3.93182563272433,0,3.99248
"133",0,0,0,1.94591014905531,4.06044301054642,2.19722457733622,3.71357206670431,0.693147180559945,0,0,0,0,0.693147180559945,0.693147180559945,0,0,1.94591014905531,0,0
"134",0,0,5.31320597904179,0,0,0,3.95124371858143,0,0,0,0,1.79175946922805,0,3.80666248977032,0,0,4.07753744390572,3,6.09962
"135",0,0,0,4.51085950651685,0,0,0,0,0,0,3.97029191355212,2.99573227355399,0,0,0,0,2.30258509299405,3,4.88853
"136",2.63905732961526,0,0,7.0604763659998,0,0,0,0,0.693147180559945,0,4.91265488573605,0,0,2.83321334405622,0,0,5.4249500174814,2,2.62836
"137",0,0,0,2.07944154167984,2.07944154167984,0,3.25809653802148,0.693147180559945,0.693147180559945,0,5.20948615284142,0,0.693147180559945,0,0,0,1.38629436111989,0,3.46402
"138",0,0,0,0,0,0,4.78749174278205,0,0,1.38629436111989,3.43398720448515,1.09861228866811,0,0,0,0,1.94591014905531,4,6.48779
"139",0,0,0,0,0,0,0,0,0,5.41610040220442,0,0,1.09861228866811,0,0,0,3.58351893845611,1,2.3444
"140",0,0,2.56494935746154,0,2.07944154167984,0,0,0,0,0.693147180559945,0,0,1.38629436111989,3.71357206670431,2.39789527279837,0,0,2,1.54522
"141",0,0,0,3.09104245335832,3.91202300542815,0,0.693147180559945,2.89037175789616,0,0,0,0,0,0,4.9416424226093,0,3.63758615972639,2,5.06827
"142",0,0,0,4.00733318523247,0,0,0,0,0,0,4.24849524204936,0,0,3.73766961828337,3.89182029811063,0,4.17438726989564,2,2.89247
"143",2.70805020110221,5.65599181081985,0.693147180559945,0,0,0,0,0,0,0,0,0,0,0,0,0,4.06044301054642,2,2.76873
"144",0,0,0.693147180559945,0,0,0,0,0,0,0,0,4.40671924726425,2.83321334405622,0,1.09861228866811,0,2.484906649788,2,4.17568
"145",0,3.52636052461616,0.693147180559945,1.09861228866811,0,0,0,0,0,5.61312810638807,0,3.04452243772342,1.09861228866811,0,4.0943445622221,0,4.35670882668959,1,1.17486
"146",0,6.61338421837956,4.75359019110636,0,3.2188758248682,0,0,0,0,0,1.09861228866811,0,0,0,0,0,5.54907608489522,2,4.36338
"147",0,0,0,2.83321334405622,0,0,0,0,0,0,0,0,0,3.29583686600433,0.693147180559945,0,0,1,0.792859
"148",7.11069612297883,0.693147180559945,3.76120011569356,3.55534806148941,0,0.693147180559945,0,0,4.87519732320115,0,0,0,0,0,6.21660610108486,0,6.36990098282823,0,1.03163
"149",0,0,3.71357206670431,4.77912349311153,0,0,0,0,0,0,4.77068462446567,0,0,0,0,0,3.58351893845611,1,0.60098
"150",0,0,0,1.09861228866811,0,0,0,6.63068338564237,0,0,3.95124371858143,0,0,0,0,0,5.42053499927229,1,2.5984
"151",0,0,0,1.09861228866811,0.693147180559945,2.56494935746154,0,0,0.693147180559945,3.97029191355212,4.66343909411207,0,0,0,3.73766961828337,0,3.29583686600433,1,2.88097
"152",0,0,0,0,0,2.19722457733622,2.89037175789616,0,0,4.8283137373023,4.40671924726425,0,0,0,4.49980967033027,0,3.91202300542815,2,2.62755
"153",0,0,0,0,0,7.25559127425367,0,0,0,0,0,0,0,0,0,0,6.77764659363512,1,1.35264
"154",3.36729582998647,0,3.93182563272433,4.54329478227,2.07944154167984,0,0,2.83321334405622,0,0,0,0,3.58351893845611,0,6.04737217904628,0,4.35670882668959,3,3.70195
"155",0,4.11087386417331,0,3.87120101090789,0,0,0,0,0,0,0,0,0,0,4.12713438504509,0,3.3322045101752,0,1.39276
"156",0,0,4.85203026391962,6.97166860472579,3.29583686600433,0,5.68357976733868,0.693147180559945,0,0.693147180559945,0.693147180559945,0,0,3.17805383034795,0,1,3.91202300542815,7,16.2091
"157",0,0,0,0,0,8.485083137498,0,0,0,0,0,0,0,0,0,0,7.96032362914884,1,1.35264
"158",0,0,3.40119738166216,0,0,0,0,2.07944154167984,0,0,1.79175946922805,0,0,0,0,0,1.94591014905531,0,1.64243
"159",0,0,0,3.29583686600433,0,0,3.36729582998647,0,1.09861228866811,2.70805020110221,3.80666248977032,0,0,2.83321334405622,0,0,3.49650756146648,1,4.92899
"160",0,0,0,0,0,0,0,2.83321334405622,3.58351893845611,0,0,0,0,0,4.89783979995091,0,3.13549421592915,0,2.42975
"161",0,0,2.39789527279837,3.04452243772342,0,0,0,0,0,0,0,0,0,3.66356164612965,0,0,0,1,0.792859
"162",0,1.38629436111989,0,4.11087386417331,0,1.6094379124341,0.693147180559945,0,0,0,0,0,0,3.91202300542815,0,0,3.80666248977032,1,3.2211
"163",0,0,2.83321334405622,4.85981240436167,4.14313472639153,0,0,0,4.84418708645859,0,0,5.78382518232974,0,0,5.95583736946483,0,4.95582705760126,4,7.57455
"164",0,0,0,1.79175946922805,0,0,0,0,0,0,0,0.693147180559945,0,5.26785815906333,0,0,3.63758615972639,1,0.792859
"165",0,0,3.85014760171006,0,0,0,3.61091791264422,0,0,0.693147180559945,0,0,0,0,0,0,2.70805020110221,1,2.88097
"166",3.91202300542815,2.99573227355399,5.02388052084628,0,0,0,4.84418708645859,0,5.25227342804663,0,3.87120101090789,0,0,0,0,1,1.79175946922805,2,5.27595
"167",0,0,0,4.99043258677874,0,0,0,0,0,0,4.62497281328427,0,0,1.94591014905531,1.6094379124341,1,3.95124371858143,2,1.70353
"168",0,0,1.38629436111989,3.29583686600433,5.08140436498446,0,0,0,3.09104245335832,3.13549421592915,3.61091791264422,4.36944785246702,0,0,5.01727983681492,0,4.26267987704132,0,0.740259
"169",0,0,0,0,0,0,0,0,0,0,0,1.09861228866811,0,0,3.89182029811063,0,1.38629436111989,0,2.58969
"170",0,0,0,0,3.76120011569356,0,2.56494935746154,0,0.693147180559945,5.21493575760899,0,4.24849524204936,0,0,3.91202300542815,0,4.17438726989564,1,1.17486
"171",0,0,0,0,0,1.6094379124341,2.19722457733622,0,0,5.8171111599632,0,0,0,2.99573227355399,0,0,4.30406509320417,2,1.74444
"172",0,0,0,0,0,0,3.58351893845611,0,1.09861228866811,0,0,0,0,0,1.09861228866811,0,1.38629436111989,1,1.09884
"173",0,0,0,3.52636052461616,0,0,0,0,3.17805383034795,0,1.94591014905531,0,1.38629436111989,0,3.98898404656427,0,2.99573227355399,1,3.23668
"174",0,1.09861228866811,0,0.693147180559945,0,0,3.80666248977032,0,4.0943445622221,5.71042701737487,0.693147180559945,4.48863636973214,0,3.3322045101752,0,1,3.43398720448515,2,1.72811
"175",0,0,0,0.693147180559945,0,0,0,0,1.6094379124341,3.95124371858143,0,0.693147180559945,0,0,5.62762111369064,0,3.89182029811063,2,4.46352
"176",0,0,0.693147180559945,3.13549421592915,4.20469261939097,0,0,1.79175946922805,0,0,0,0,0,0,4.65396035015752,0,3.49650756146648,3,7.97841
"177",0,0,0,3.68887945411394,3.73766961828337,0,2.56494935746154,2.07944154167984,0,4.43081679884331,4.89783979995091,4.56434819146784,6.35262939631957,1.09861228866811,3.80666248977032,0,5.11198778835654,2,6.26048
"178",0,1.09861228866811,3.09104245335832,4.11087386417331,0,0,3.80666248977032,4.29045944114839,0,5.89164421182577,1.38629436111989,0,0,0,3.66356164612965,0,4.59511985013459,0,0
"179",0,1.94591014905531,4.20469261939097,4.56434819146784,3.78418963391826,0.693147180559945,0,0,4.87519732320115,0.693147180559945,3.3322045101752,2.484906649788,0,0,1.6094379124341,0,4.89783979995091,1,3.2211
"180",0,3.87120101090789,5.20948615284142,0,0,0,0,0,0,0,2.19722457733622,0,0.693147180559945,0,0.693147180559945,0,4.33073334028633,0,2.67407
"181",3.3322045101752,0.693147180559945,0,6.22653666928747,6.55250788703459,3.3322045101752,0,0,4.969813299576,3.80666248977032,5.03043792139244,6.75110146893676,1.94591014905531,0,5.97635090929793,0,5.65599181081985,0,1.43177
"182",0,0,0,3.66356164612965,0,0,0,0,0,1.6094379124341,0,0,0,5.0998664278242,0,0,3.46573590279973,1,0.792859
"183",0,0,4.04305126783455,0.693147180559945,0,0,0,3.66356164612965,1.38629436111989,0,0,0,0,0,0.693147180559945,0,2.99573227355399,0,0
"184",0.693147180559945,0,0,0,2.77258872223978,0,0,0,2.07944154167984,4.17438726989564,1.09861228866811,0,0,0,4.75359019110636,0,3.85014760171006,2,4.63879
"185",0,0,0,0,0.693147180559945,0,4.85981240436167,2.77258872223978,1.79175946922805,0,2.70805020110221,2.89037175789616,0,1.6094379124341,2.83321334405622,0,3.85014760171006,2,5.55317
"186",0,0,4.44265125649032,0,2.07944154167984,0,0,2.484906649788,0,0.693147180559945,0,0,0,0,0,0,2.56494935746154,2,2.76004
"187",0,0,0,0,0,0,0,0,0,0,1.79175946922805,0,2.63905732961526,2.19722457733622,1.6094379124341,0,0,1,1.17515
"188",0,0,4.20469261939097,0,0,0,0,0,0,0,0,0,0,3.52636052461616,0,0,3.09104245335832,2,1.39384
"189",0,0,0,5.03043792139244,0,0,7.58324752430336,0,3.73766961828337,0,2.99573227355399,0,1.94591014905531,5.93753620508243,0,0,5.24702407216049,13,18.28
"190",0,0,0,0,0,7.30988148582479,0,0,0,0,0,0,0,0,0,0,6.82437367004309,1,1.35264
"191",0,0,0,0,5.05624580534831,0,0,0,0,0,0,0,0,0,0.693147180559945,0,2.63905732961526,0,0
"192",0,0.693147180559945,0,2.77258872223978,0,0,5.60947179518496,0,1.79175946922805,0,0.693147180559945,0.693147180559945,0,5.29831736654804,0,0,3.04452243772342,6,9.29826
"193",0,0,4.97673374242057,0,0,0,2.56494935746154,0,5.6021188208797,0,0,4.65396035015752,2.70805020110221,0,0,0,4.55387689160054,1,3.87029
"194",0,0,0,0,0,7.54327334670545,0,0,0,0,0,0,0,0,0,0,7.16703787691222,1,1.35264
"195",0,0,0,1.94591014905531,0,0,0,3.36729582998647,0,0,0,0,5.2257466737132,1.09861228866811,4.91265488573605,0,3.43398720448515,8,11.1794
"196",0,0,0,0.693147180559945,0,0,3.36729582998647,0,0,0.693147180559945,0,0,0,0,0,0,1.38629436111989,1,1.33267
"197",0,3.13549421592915,3.63758615972639,0,3.63758615972639,3.73766961828337,0,5.59098698051086,4.18965474202643,0,0,5.13579843705026,0,0.693147180559945,1.09861228866811,0,5.14749447681345,0,0
"198",0,0,0,5.39816270151775,0,0,4.62497281328427,0,0,0,2.07944154167984,3.04452243772342,6.3750248198281,4.66343909411207,0,1,5.37527840768417,16,19.4587
"199",0,0,0,0.693147180559945,0,0.693147180559945,0,0,3.55534806148941,0,0,0,0,0,5.64190707093811,0,4.23410650459726,0,2.67407
"200",0,3.73766961828337,0,4.24849524204936,0,0,0,5.42934562895444,0,0,0.693147180559945,0,4.34380542185368,0,4.40671924726425,0,2.39789527279837,4,7.46875
"201",0,0,4.53259949315326,0,4.15888308335967,0,0,3.09104245335832,3.04452243772342,0,2.39789527279837,0,0.693147180559945,0,0,0,2.39789527279837,2,4.01909
"202",0,0,0,0,0,0,2.484906649788,0,0,0,0,4.86753445045558,0,0,0,0,1.94591014905531,1,1.26735
"203",0,0,0,4.04305126783455,2.19722457733622,0,0,3.17805383034795,0,2.07944154167984,0,0,4.0943445622221,0,4.77068462446567,0,4.15888308335967,4,6.54006
"204",0,0,5.8636311755981,0,0,0,5.26269018890489,0.693147180559945,3.8286413964891,0,2.89037175789616,1.09861228866811,0,0,0,0,4.49980967033027,2,4.67638
"205",7.4730690880322,0,3.17805383034795,4.91265488573605,0,0,0,2.89037175789616,6.73101810048208,0,1.09861228866811,2.99573227355399,0,0,6.73815249459596,0,6.71295620067707,0,2.52248
"206",0,1.6094379124341,0,4.35670882668959,0,0,2.19722457733622,1.09861228866811,0,0,0,1.09861228866811,0,1.09861228866811,1.79175946922805,0,2.07944154167984,0,1.64243
"207",4.71849887129509,0,5.4971682252932,0,0,0,0,6.05443934626937,0,0,7.28550654852279,0,0,0,0,0,6.04737217904628,4,3.50218
"208",3.2188758248682,0,0,0,2.07944154167984,0,0,0,5.80513496891649,0,0,1.09861228866811,5.50938833662798,0.693147180559945,0,0,4.30406509320417,1,1.17515
"209",0,0,0,0,0,0,0,0,3.78418963391826,0,0,3.71357206670431,2.30258509299405,0,1.38629436111989,0,3.49650756146648,0,1.64243
"210",0,0,0,0,0,0,0,0,0,0,0,0,0,4.45434729625351,0,0,1.38629436111989,1,0.792859
"211",0,0,3.29583686600433,0,5.41164605185504,0,0,0,0,0,0,0,0,0,0,1,3.49650756146648,3,4.10317
"212",0,0,0.693147180559945,3.55534806148941,0,0,0,0,0,0,0,6.32256523992728,5.4249500174814,3.04452243772342,4.38202663467388,1,4.71849887129509,4,10.1352
"213",0,0,0,0.693147180559945,0.693147180559945,1.38629436111989,1.09861228866811,0,0,0,0,0,0,0,5.06890420222023,0,3.43398720448515,0,4.06683
"214",0,4.91998092582813,3.2188758248682,3.13549421592915,6.39692965521615,3.09104245335832,0.693147180559945,1.6094379124341,5.26269018890489,0,3.09104245335832,4.96284463025991,2.83321334405622,2.63905732961526,0,0,5.6021188208797,1,1.18716
"215",0,0,0,1.79175946922805,0,0,0,0.693147180559945,0,0,0,0,0,5.09375020080676,0,0,3.49650756146648,1,0.792859
"216",0,0,0,3.97029191355212,0,0,0,0,0,0,0,5.63478960316925,0,0,0,0,3.78418963391826,2,2.69823
"217",0,0.693147180559945,0,0,0,0,0,0,1.79175946922805,0,0,0,0,0,4.90527477843843,0,3.40119738166216,0,2.67407
"218",0,0,0.693147180559945,0,0,0,0,0,0,0,4.84418708645859,2.30258509299405,3.93182563272433,3.13549421592915,4.38202663467388,0,2.63905732961526,2,2.35
"219",0,0,0,0,0,0,2.63905732961526,0,3.2188758248682,0,0,3.25809653802148,0,5.12989871492307,0,0,3.04452243772342,5,1.91372
"220",0,0,5.23110861685459,0,3.04452243772342,0,0,0,0,0,4.47733681447821,1.6094379124341,3.55534806148941,0,0,0,3.66356164612965,2,2.2048
"221",3.09104245335832,0,2.99573227355399,3.95124371858143,0,1.38629436111989,0,0,0,0,0,0,0,0,3.87120101090789,0,3.58351893845611,0,4.06683
"222",0,1.79175946922805,0,0,0,0,5.50533153593236,0,3.52636052461616,0,0,3.78418963391826,1.6094379124341,6.92165818415113,2.19722457733622,0,5.55682806169954,11,5.94911
"223",0,0,5.75257263882563,4.26267987704132,4.70953020131233,0,0,0,5.2257466737132,0,0,4.07753744390572,0,0,5.42053499927229,0,5.34710753071747,3,7.34144
"224",0,0,1.09861228866811,0,0,0,0,1.09861228866811,0,0,0,0,0,0,5.78689738136671,0,4.59511985013459,2,7.83578
"225",0,0,0,3.09104245335832,0,0,3.25809653802148,0,0,0,0,0,1.79175946922805,0,0,0,2.07944154167984,0,1.64243
"226",0,0,0,0,0,0,2.39789527279837,0,0,5.50125821054473,0,0,0,1.6094379124341,0,0,3.71357206670431,3,5.6765
"227",0,1.79175946922805,5.79909265446053,6.30078579466324,0,0,4.82028156560504,0,0,0,1.6094379124341,1.6094379124341,0,6.63331843328038,0,0,5.74939298590825,15,17.9349
"228",0,5.52545293913178,0,1.09861228866811,0.693147180559945,0,0,0,0,5.48479693349065,0,0,0,0,0.693147180559945,0,4.27666611901606,1,3.28866
"229",0,0,0,0,0,0,0,0,0,4.18965474202643,1.38629436111989,4.99721227376411,3.87120101090789,0,0,0,3.93182563272433,2,7.96475
"230",0,2.19722457733622,0,0,1.09861228866811,0,3.71357206670431,0,0,2.30258509299405,0,1.38629436111989,1.09861228866811,6.70318811324086,0,2,5.20948615284142,18,10.9738
"231",0,0,0,4.46590811865458,0,0,0,0,0,0,4.94875989037817,0,0,0,0,0,2.70805020110221,0,2.29636
"232",0,0,0,0,5.25227342804663,0,1.09861228866811,1.09861228866811,0,0,0,0,0,0,0,0,3.40119738166216,0,0
"233",0,0,0,0,0,0,0,2.83321334405622,0,0,0,0,0,0,4.48863636973214,0,2.56494935746154,0,2.99495
"234",0,0,0,6.4707995037826,0,0,5.73009978297357,0,0,0,0,2.56494935746154,4.52178857704904,7.45645455517621,1.6094379124341,1,6.23048144757848,22,28.939
"235",0,2.99573227355399,0,0,3.17805383034795,0,4.26267987704132,0,0,5.47227067367148,4.39444915467244,0,0,1.09861228866811,0,0,4.75359019110636,1,3.09513
"236",0,3.73766961828337,0,0,0,0,0,2.70805020110221,0,0,0,5.80814248998044,0,1.38629436111989,0,0,4.51085950651685,1,2.94062
"237",0,0.693147180559945,0,0,0,0,0.693147180559945,0,0,4.17438726989564,0,0,0,0,0,0,2.39789527279837,0,2.58836
"238",0,0,0,4.04305126783455,0,0,0,0,0,0,4.17438726989564,0,0,0,0.693147180559945,0,2.77258872223978,1,1.17486
"239",0,0,0,0,0,0,0,0,3.04452243772342,0,0,3.13549421592915,0,4.60517018598809,0,0,2.89037175789616,4,1.36109
"240",0,0,0,0,0,0,0.693147180559945,0,1.38629436111989,6.25382881157547,2.19722457733622,3.73766961828337,0,0,1.6094379124341,0,4.11087386417331,2,2.40151
"241",0,0,0,2.77258872223978,0,0,0,0,0,0,1.94591014905531,4.91265488573605,0,0,2.94443897916644,0,1.38629436111989,3,3.87796
"242",0,0.693147180559945,0,0,0,0,5.11799381241676,0,0,1.94591014905531,4.21950770517611,0,0,0.693147180559945,0,0,2.56494935746154,2,2.33696
"243",0,0,2.07944154167984,0,0,0,0,0,0,0.693147180559945,0,0,0,5.8348107370626,0,0,4.33073334028633,1,1.54522
"244",0,2.07944154167984,3.93182563272433,0,0,1.38629436111989,1.94591014905531,0,0,0,2.30258509299405,0,0,0,0,0,3.13549421592915,1,0.60098
"245",0.693147180559945,0,0,0,0,6.15060276844628,0,0,0,0,0,0,0,0,0,0,5.64190707093811,1,1.35264
"246",0,0,0,3.36729582998647,0,0,0,0,0,0,0,5.20948615284142,0,0,0,0,3.40119738166216,2,6.14206
"247",0,1.09861228866811,4.24849524204936,0,3.55534806148941,0,0,0,4.8283137373023,0,0,1.09861228866811,0,0.693147180559945,0,0,2.99573227355399,2,2.76004
"248",0,0,0.693147180559945,0,1.38629436111989,0,1.6094379124341,1.09861228866811,0,0,0,0,0,0,4.34380542185368,0,2.70805020110221,1,4.12294
"249",3.29583686600433,4.58496747867057,0,1.6094379124341,2.89037175789616,0,0,0,0.693147180559945,6.05208916892442,0,3.46573590279973,0,0,1.6094379124341,0,2.83321334405622,4,3.58153
"250",0,0.693147180559945,0,1.09861228866811,0.693147180559945,0,0,0,3.04452243772342,0,4.26267987704132,0,6.25766758788264,0,2.07944154167984,0,4.75359019110636,4,8.939
"251",0,2.94443897916644,0,0,0,0,0.693147180559945,0,6.24027584517077,0,0,0,5.78689738136671,0,6.02344759296103,0,5.01063529409626,10,23.8003
"252",0,0,3.04452243772342,3.29583686600433,0,0,0,0,0,0,0,0.693147180559945,0,4.95582705760126,0,0,3.29583686600433,1,0.792859
"253",0,0,5.50533153593236,4.43081679884331,0,0,2.30258509299405,0,0,0,0,2.19722457733622,0,2.07944154167984,0,0,4.38202663467388,1,2.54988
"254",0.693147180559945,0,0,0,0,0,0,1.94591014905531,0,0,0,0,5.08140436498446,1.6094379124341,0,0,2.30258509299405,1,1.17515
"255",0,0,4.21950770517611,0,1.94591014905531,0,0,1.79175946922805,0,0,0.693147180559945,0,0,0,0,1,2.39789527279837,3,8.08193
"256",1.09861228866811,0,4.969813299576,0,4.34380542185368,0,2.99573227355399,5.42053499927229,1.6094379124341,0,1.79175946922805,3.40119738166216,0,0,0,0,4.94875989037817,0,0
"257",0,0.693147180559945,0,0,0,0,1.6094379124341,0,4.78749174278205,0,1.38629436111989,4.02535169073515,3.76120011569356,1.6094379124341,5.82304589548302,0,4.44265125649032,0,8.85763
"258",0,0,4.63472898822964,0,0,0,1.09861228866811,2.39789527279837,0.693147180559945,0,0,3.25809653802148,0,0,0,1,3.43398720448515,3,4.85274
"259",0,0,0,3.61091791264422,0,0,0,0,0.693147180559945,4.24849524204936,0,4.51085950651685,0,0,0,0,4.12713438504509,1,1.23854
"260",0,0,2.99573227355399,0,0,0,2.70805020110221,0,2.07944154167984,6.46925031679577,0,0,0,0,0,1,5.03695260241363,6,7.61688
"261",0,0,0,0,0,2.07944154167984,0,0,0,4.91998092582813,0,2.70805020110221,0,0,3.43398720448515,0,3.52636052461616,1,1.22665
"262",1.09861228866811,0,0,3.97029191355212,2.94443897916644,0,2.30258509299405,1.94591014905531,2.07944154167984,4.94875989037817,1.09861228866811,2.19722457733622,1.38629436111989,3.2188758248682,0,0,3.97029191355212,1,4.65286
"263",0,3.80666248977032,0,0,0,0,1.09861228866811,0,0,3.29583686600433,0.693147180559945,3.61091791264422,0,0,0,0,3.2188758248682,0,2.86786
"264",0,0,1.38629436111989,0,1.09861228866811,0,0,4.15888308335967,0,0,2.70805020110221,4.69134788222914,0,0,0,0,2.484906649788,3,3.6986
"265",0,2.484906649788,3.98898404656427,5.87493073085203,3.55534806148941,2.07944154167984,0,0,0.693147180559945,3.49650756146648,6.13122648948314,5.21493575760899,1.6094379124341,2.89037175789616,5.04985600724954,0,5.4510384535657,0,1.43177
"266",0,5.52146091786225,2.94443897916644,0,0,5.75574221358691,0,0,5.63478960316925,0,0,3.29583686600433,0,0,0,0,5.7268477475872,1,1.35264
"267",0,4.17438726989564,0,0,0,0,0,0,0,4.7361984483945,0,0,0,0,0,0,3.66356164612965,1,3.28866
"268",0,0,1.94591014905531,0,0,1.09861228866811,0,0,2.19722457733622,5.40267738187228,0.693147180559945,0,0,0,0,0,1.79175946922805,2,2.69351
"269",0,0,0,0,0,0,0,2.77258872223978,0,0,0,0,0,0.693147180559945,4.86753445045558,0,2.99573227355399,0,2.99495
"270",0,0,5.01063529409626,4.79579054559674,0,0,1.94591014905531,0,0,0.693147180559945,3.13549421592915,0,0,5.2257466737132,1.94591014905531,0,4.86753445045558,6,8.72787
"271",0,0,0,0,3.71357206670431,5.04985600724954,0.693147180559945,2.30258509299405,6.83733281468559,0,0,0,0,0,0,0,5.15905529921453,0,0
"272",0,0,0,4.64439089914137,0,2.56494935746154,3.52636052461616,0,0,5.79909265446053,0,0,0,3.97029191355212,0,0,3.66356164612965,7,4.8362
"273",0.693147180559945,0,3.13549421592915,3.98898404656427,0,0,0,0,0,0,0,0,2.484906649788,4.89783979995091,0,0,3.49650756146648,1,0.792859
"274",7.60290046220476,0,0,1.79175946922805,0,0,0,0,0,0,0,0,0,0,0,0,6.85435450225502,0,1.31187
"275",1.38629436111989,0.693147180559945,0,0,6.12468339089421,0,0,4.18965474202643,0,0,0,0,0.693147180559945,0,0.693147180559945,0,2.99573227355399,0,0
"276",1.94591014905531,0,0,0,0,0,0,0,3.49650756146648,0,0,0,5.32300997913841,0.693147180559945,0,0,3.73766961828337,0,3.0742
"277",0,1.09861228866811,0,0,2.56494935746154,0,2.89037175789616,0,0,1.6094379124341,4.17438726989564,0,0,0,1.09861228866811,0,2.83321334405622,0,0
"278",0,0.693147180559945,0,0.693147180559945,4.63472898822964,0,0,4.62497281328427,0,0,0,0,0,0,0,0,3.17805383034795,1,2.08776
"279",2.83321334405622,5.71373280550937,0,0,0,1.79175946922805,0,0,0,0,0,0,0,0,0,0,4.06044301054642,3,4.00726
"280",0,0,0,0,0.693147180559945,0,0,2.484906649788,0,0,0,0.693147180559945,0,0,4.48863636973214,0,2.70805020110221,0,2.42975
"281",0,1.09861228866811,0,0,0,0,0,0,0,0,0,0,4.99721227376411,0,4.85203026391962,0,3.13549421592915,6,8.8814
"282",0,1.6094379124341,0,0,0,0,2.94443897916644,0.693147180559945,0,0.693147180559945,0,0,0,0,2.70805020110221,0,1.38629436111989,1,3.66829
"283",0,3.49650756146648,0,0,0,0,0,0,5.66642668811243,3.2188758248682,0,0,0,0,0,0,3.09104245335832,3,4.67365
"284",0,0,0,0,0,6.96885037834195,0,0,0,0,0,0,0,0,0,0,6.67076632084587,1,1.35264
"285",0,0,0,0,0,0,0,0,0,0,0,3.87120101090789,0,0,0,0,2.484906649788,0,1.64243
"286",0,0,0,0,1.6094379124341,0.693147180559945,1.94591014905531,0,0,0,4.87519732320115,0,0,3.40119738166216,1.09861228866811,0,3.13549421592915,2,4.01101
"287",0,0,0,0,0,0,0,0.693147180559945,1.09861228866811,1.94591014905531,3.76120011569356,0.693147180559945,4.27666611901606,0,0,0,1.94591014905531,1,2.81758
"288",0,0,0,0,0,0,0,0,0,4.70048036579242,0,0,0,3.98898404656427,0,0,2.70805020110221,8,9.35438
"289",0,0,0,0,0,0,0,0,0,1.38629436111989,1.6094379124341,0,0,0.693147180559945,3.25809653802148,0,1.38629436111989,0,2.67407
"290",0,0,0,0,0,0,0.693147180559945,0,0,4.56434819146784,0,0,0.693147180559945,0,0,0,2.94443897916644,2,4.52366
"291",6.26909628370626,4.80402104473326,5.97126183979046,4.30406509320417,4.80402104473326,0,0,0,2.19722457733622,0,1.94591014905531,2.484906649788,5.26269018890489,5.25749537202778,0,0,5.63835466933375,6,12.8567
"292",0,0.693147180559945,0,0,0,0,2.56494935746154,0,0,2.19722457733622,0.693147180559945,0,0,1.09861228866811,0,0,1.38629436111989,1,1.45269
"293",0,0.693147180559945,0,5.50533153593236,0,0,0,3.13549421592915,0,0.693147180559945,3.36729582998647,0,5.07517381523383,4.31748811353631,0,0,4.4188406077966,8,12.1251
"294",0,0,0,0,1.09861228866811,0,0,3.3322045101752,0,0,0,1.94591014905531,5.5834963087817,0,5.39816270151775,0,4.88280192258637,7,12.5285
"295",0,0,0,0,0,0,0,4.63472898822964,0,0,5.84932477994686,2.63905732961526,5.71042701737487,0,0,0,4.62497281328427,0,0
"296",0.693147180559945,0,0,4.56434819146784,3.49650756146648,0,0,0,0,0,0,0,0,0,3.71357206670431,0,2.07944154167984,0,0
"297",0,2.77258872223978,0,0,1.94591014905531,0,0,0,0,0,0,5.70711026474888,5.23110861685459,0,2.30258509299405,0,4.75359019110636,1,2.86107
"298",0,0,0,2.19722457733622,0,0,3.55534806148941,0,0,0,2.63905732961526,0,0,0,0,0,1.38629436111989,1,1.09884
"299",0,0,0,0,5.03043792139244,0,0,3.40119738166216,0,1.38629436111989,1.79175946922805,0,0,0,0,0,3.66356164612965,0,0
"300",0,0,4.67282883446191,4.55387689160054,0,0,0,0,1.09861228866811,0,0,0,0,1.6094379124341,0,1,3.52636052461616,0,2.99256
"301",0.693147180559945,2.89037175789616,0,0,0,0,1.79175946922805,0,0,5.66988092298052,1.79175946922805,0,0,0,0,0,4.26267987704132,4,5.56724
"302",4.7361984483945,0,5.32787616878958,0,2.39789527279837,0,1.09861228866811,4.77068462446567,0,1.09861228866811,6.90073066404517,0,0,0,0,0,5.605802066296,5,6.01329
"303",0,0,0,1.09861228866811,0,0,0,0,5.27299955856375,0,1.6094379124341,3.91202300542815,0,0,2.89037175789616,0,3.71357206670431,0,4.07967
"304",0,0,0,2.07944154167984,0,0,1.6094379124341,0,0,5.8171111599632,4.38202663467388,0,0,2.07944154167984,0,0,4.04305126783455,0,3.6872
"305",2.484906649788,4.43081679884331,0.693147180559945,4.79579054559674,0.693147180559945,0,6.3578422665081,0,0,4.11087386417331,6.09356977004514,2.19722457733622,0,6.98656645940643,0,2,6.0591231955818,9,10.8724
"306",0,0,0,0,0,0,0,0,1.38629436111989,4.07753744390572,2.39789527279837,0,0,0,0,0,2.63905732961526,1,1.23854
"307",0,2.77258872223978,5.10594547390058,5.08140436498446,0,0,3.40119738166216,0,0.693147180559945,1.09861228866811,0,0,0,5.37527840768417,0,0,4.89034912822175,6,8.26464
"308",0,0,5.25749537202778,0.693147180559945,3.2188758248682,0,1.79175946922805,0,2.83321334405622,0,2.30258509299405,3.66356164612965,0,2.83321334405622,1.38629436111989,1,2.07944154167984,6,7.77801
"309",0.693147180559945,1.09861228866811,0,0,6.16751649088834,1.79175946922805,0,0,0,0,0,0,0,0,0,0,3.46573590279973,0,0
"310",0,4.84418708645859,4.61512051684126,0,5.4380793089232,6.14846829591765,0,0,4.29045944114839,0,4.00733318523247,0.693147180559945,0,0,0,0,5.74620319054015,1,2.99922
"311",0,0,0,0,0,0,3.36729582998647,0,0,0,0,0,0,0,1.94591014905531,0,2.484906649788,1,3.81886
"312",0,6.14846829591765,1.94591014905531,0,0,0,0,0,0,0,0,0,0,0,0,0,4.47733681447821,0,1.31187
"313",0,0,0,4.81218435537242,0,0,0,0,0,0,0,0,5.34710753071747,0,5.09375020080676,0,3.43398720448515,3,7.5969
"314",0,0,0,4.12713438504509,0,0,0.693147180559945,0.693147180559945,0,0,0,0,0,0,4.90527477843843,0,3.61091791264422,3,10.4963
"315",0,0,5.34233425196481,5.4553211153577,0.693147180559945,0,4.46590811865458,0,0,0,4.40671924726425,0,0,5.24702407216049,0,0,5.2257466737132,11,11.4058
"316",0,0,0,0,0,0,0,0,6.73459165997295,2.89037175789616,0,2.56494935746154,0,0,0,0,4.84418708645859,2,4.70954
"317",0,0,0,0,0,2.39789527279837,0,0,0.693147180559945,5.52146091786225,0,2.39789527279837,0,0,3.55534806148941,0,4.11087386417331,1,1.17486
"318",0,0,4.74493212836325,0,4.72738781871234,0,0.693147180559945,0,2.30258509299405,0,0,1.94591014905531,0,0,0,0,3.36729582998647,2,5.30545
"319",0,0.693147180559945,0,4.47733681447821,0,2.19722457733622,0,3.80666248977032,3.2188758248682,0,0,5.82894561761021,0,0,0,0,4.82028156560504,5,8.32875
"320",0,0,1.6094379124341,4.74493212836325,0,0,0,0,0,0,0,3.71357206670431,5.6021188208797,4.33073334028633,1.6094379124341,0,4.40671924726425,0,2.64198
"321",0,0,0.693147180559945,0,0,0,0,5.63478960316925,0,0,0,2.07944154167984,5.12396397940326,0,4.30406509320417,0,4.86753445045558,3,8.77244
"322",0,1.38629436111989,0,1.09861228866811,0,0,0,0,0,0,0,0,0,3.58351893845611,0,0,0,1,0.792859
"323",0,0,1.09861228866811,1.94591014905531,3.89182029811063,0,0,0,0,1.38629436111989,0,0.693147180559945,4.4188406077966,1.38629436111989,0,0,3.76120011569356,1,1.18716
"324",0,0,4.45434729625351,0,0,0,0,0,0.693147180559945,0,2.39789527279837,0,0,0,0,0,2.94443897916644,1,1.29819
"325",0,0,0,2.30258509299405,0,0,0,0,3.40119738166216,0.693147180559945,4.33073334028633,1.6094379124341,6.04025471127741,0,5.8348107370626,0,4.40671924726425,6,9.2521
"326",0,0,0,0.693147180559945,4.06044301054642,0,0,0,0,0,4.44265125649032,0,0,0,0,0,2.07944154167984,2,2.26754
"327",0,0,5.64190707093811,0,0,0,5.11198778835654,0,4.39444915467244,0,2.30258509299405,0,0,0,0,0,4.12713438504509,5,7.66773
"328",0,1.6094379124341,0,3.85014760171006,0,2.39789527279837,0,0.693147180559945,0,0,0,0,0,0,5.29831736654804,0,3.89182029811063,1,3.9126
"329",0,0,0,0,0,0,0,0,0,0,0,0,0,0,4.18965474202643,0,2.07944154167984,0,2.67407
"330",0,0,0,0,3.40119738166216,0,0,3.91202300542815,2.39789527279837,0,0,1.38629436111989,0,0,0,0,2.70805020110221,0,0
"331",0,0,1.38629436111989,0,0,0,2.89037175789616,5.78689738136671,1.79175946922805,0,0.693147180559945,0,0,4.4188406077966,0,0,4.20469261939097,1,2.54818
"332",0,0,0,3.25809653802148,0,0,0,0,0,0,0,5.7268477475872,0,0,0,0,3.78418963391826,3,3.87796
"333",0,0,0,0,0,0,0,0,0,1.94591014905531,0,0,0,3.95124371858143,0,0,2.39789527279837,5,2.69376
"334",0.693147180559945,0,4.56434819146784,0,4.29045944114839,0,0,0,0,0,0,0,0,0,0,0,3.49650756146648,3,4.2341
"335",0,0,0,0,0,0,0,0,0,4.17438726989564,0,1.09861228866811,0,0,0.693147180559945,0,2.94443897916644,1,3.28866
"336",0,1.09861228866811,0,0,0,0,0,0,3.61091791264422,0,4.34380542185368,0,5.29831736654804,1.38629436111989,0,0,4.14313472639153,1,4.48422
"337",1.38629436111989,0,5.04342511691925,0,0,0,4.36944785246702,0,0,0,0,0,0,0.693147180559945,0,0,4.43081679884331,2,5.27155
"338",0,0,3.80666248977032,0,0,0,0,3.04452243772342,0,0,0,0,0,0,0,0,2.89037175789616,2,4.2341
"339",2.70805020110221,4.67282883446191,4.43081679884331,2.63905732961526,0,0,0,0,0,0,1.6094379124341,0,0,0,0,0,2.30258509299405,0,0
"340",0,0,0,0,0,0,0,0,0,4.87519732320115,0,0,0,0,0,0,3.63758615972639,1,1.48053
"341",0,0,0,0,0,0,0,1.79175946922805,0,0,1.38629436111989,0,0.693147180559945,1.38629436111989,6.13339804299665,0,4.7361984483945,3,9.72561
"342",2.56494935746154,4.63472898822964,4.62497281328427,2.07944154167984,0,0,0,0,0,0,0,0,0,0,0,0,2.30258509299405,0,1.03163
"343",0,3.98898404656427,0,0,0,0,0,0,3.09104245335832,6.13122648948314,2.07944154167984,0,0,0,0,0,4.54329478227,3,5.70339
"344",0,2.70805020110221,2.30258509299405,5.19295685089021,0.693147180559945,0,0,0,0,6.81454289725996,0,0,0,3.78418963391826,0,0,5.18178355029209,6,6.29405
"345",0,3.3322045101752,0,0,4.04305126783455,0,1.79175946922805,0,0,0,0,0,0,0,2.39789527279837,0,3.13549421592915,0,4.11562
"346",0,0,0,2.30258509299405,0,0,0,0,3.85014760171006,0,0,1.79175946922805,3.40119738166216,0,3.36729582998647,0,3.3322045101752,1,4.30098
"347",0,0,0,4.68213122712422,0,0,0,0,5.29831736654804,0,0,4.89034912822175,0.693147180559945,0,4.77068462446567,0,4.48863636973214,2,7.22218
"348",0,0,0,0,0,0,0,2.56494935746154,0,0,0,0,0,0,4.91265488573605,0,3.04452243772342,0,2.99495
"349",0,1.09861228866811,0,2.19722457733622,1.09861228866811,0,0,2.56494935746154,0,0,4.63472898822964,0,1.09861228866811,0,3.43398720448515,0,0,2,2.35
"350",0,0,0,4.24849524204936,0,0,0,0,0,0.693147180559945,4.24849524204936,0,0,0,0,0,2.30258509299405,1,0.60098
"351",0,0,0,0,0,1.09861228866811,1.38629436111989,0,0,4.06044301054642,0,0,1.09861228866811,0,0,0,2.07944154167984,2,4.08464
"352",0,0,0,0.693147180559945,0,0,5.34710753071747,0,0,0,3.04452243772342,0.693147180559945,0,4.15888308335967,0.693147180559945,0,3.46573590279973,6,4.73438
"353",0,0,0,1.09861228866811,3.91202300542815,0,0,0,0,1.94591014905531,0,0,0,0,0,0,2.30258509299405,1,1.18716
"354",0,0,0,0,4.60517018598809,0,0,0,2.39789527279837,3.09104245335832,4.74493212836325,0,1.09861228866811,0,4.85203026391962,0,3.36729582998647,0,1.43177
"355",0,0,1.38629436111989,2.19722457733622,3.97029191355212,0,0,0,0,0.693147180559945,0,0,0,0,0,0,2.56494935746154,1,2.82217
"356",0,1.94591014905531,0,0.693147180559945,0,2.39789527279837,2.484906649788,3.13549421592915,0,6.06842558824411,0,0,2.30258509299405,0,0,0,4.20469261939097,3,4.23089
"357",0,4.12713438504509,0,0,0,0,0,0,0,0,1.38629436111989,1.79175946922805,0,0,5.62401750618734,0,4.30406509320417,1,3.1498
"358",0,0,1.38629436111989,0,0,0,0.693147180559945,0,0,4.57471097850338,1.09861228866811,0,0,0,4.71849887129509,0,3.2188758248682,2,4.46352
"359",0,0,5.03695260241363,5.2257466737132,1.09861228866811,0,0,0,0.693147180559945,0.693147180559945,0,0,0,6.21460809842219,0,0,5.23110861685459,2,1.54522
"360",0,0,0,0,0,0,2.19722457733622,0,0,3.80666248977032,0,0,0,0,0,0,2.484906649788,1,1.23854
"361",1.6094379124341,1.09861228866811,0,3.91202300542815,0.693147180559945,0,0,0,0,5.4553211153577,0,4.23410650459726,0,3.97029191355212,0,0,4.02535169073515,1,1.23499
"362",3.63758615972639,0,0,4.39444915467244,2.19722457733622,0,0,0,0,0,0,3.09104245335832,3.89182029811063,0,5.47227067367148,0,3.8286413964891,0,0
"363",0,3.85014760171006,5.16478597392351,0,0,0,1.09861228866811,2.07944154167984,0,0,2.07944154167984,0,0,0,0.693147180559945,0,4.33073334028633,0,1.64243
"364",0,0,0,0,0,0,0,0,0,4.29045944114839,4.55387689160054,0,0,0,0,0,3.2188758248682,0,5.25817
"365",0,0,2.30258509299405,4.07753744390572,0,0,0,0,0,0,2.19722457733622,5.4510384535657,0,0,0,0,3.17805383034795,3,3.78532
"366",0,0,0,0,2.07944154167984,0,0,3.46573590279973,0,0,1.79175946922805,4.78749174278205,3.76120011569356,0,1.38629436111989,1,4.00733318523247,4,6.91215
"367",0,0,0,5.84643877505772,1.38629436111989,0,0,5.64897423816121,0,0,0,0,1.09861228866811,0,5.2257466737132,1,4.45434729625351,3,13.4571
"368",0,0,2.56494935746154,0,3.04452243772342,0,1.79175946922805,3.40119738166216,2.63905732961526,0,0,0,0,0,0,0,2.70805020110221,1,1.3481
"369",0,0,4.61512051684126,0,0,0,5.93489419561959,0,1.09861228866811,2.39789527279837,0,4.51085950651685,0,4.58496747867057,2.484906649788,0,4.99721227376411,5,9.12701
"370",0,0,0,4.55387689160054,3.49650756146648,0,4.23410650459726,2.39789527279837,0,7.00760061395185,4.60517018598809,2.83321334405622,0,2.07944154167984,0,0,5.76832099579377,4,6.47189
"371",0,0.693147180559945,0,0,0,0,0,0,0,0,0,0,0,0,4.29045944114839,0,2.63905732961526,0,2.67407
"372",0,1.38629436111989,0,2.94443897916644,5.07517381523383,1.94591014905531,0,0.693147180559945,0,0,0,0,0,0,0,0,3.17805383034795,0,0
"373",0,0,0.693147180559945,5.8111409929767,0,0,0,0,0,0,0,0,0,0,0,1,3.66356164612965,5,7.31651
"374",0,3.52636052461616,0.693147180559945,1.94591014905531,0,0,0,1.09861228866811,2.19722457733622,0,1.94591014905531,6.04973345523196,5.37527840768417,4.88280192258637,0,0,4.95582705760126,4,9.64939
"375",0,0,0,0,3.73766961828337,0,0,0.693147180559945,5.12989871492307,0,0.693147180559945,0,0.693147180559945,0,0.693147180559945,0,4.30406509320417,1,0.938338
"376",0,0,0,6.52502965784346,0,0,0,0,0,0,0,6.62936325343745,0,0,0,0,5.5834963087817,10,17.2681
"377",0,0,0,0,0,0,0,0,0,0,0,4.30406509320417,0,0,0.693147180559945,0,2.484906649788,1,1.26735
"378",0,0,4.62497281328427,0,5.92692602597041,0,0,0,0,0,0,0.693147180559945,0,0,2.484906649788,0,3.61091791264422,6,11.0402
"379",0,0,0,5.6970934865054,0,0,0,0,0,0,4.65396035015752,1.38629436111989,0,0,0,0,3.58351893845611,4,1.76352
"380",2.07944154167984,0,1.94591014905531,0,0,0,4.81218435537242,0,0,0,0,1.38629436111989,0,3.09104245335832,0,0,3.8286413964891,2,2.31429
"381",0,0,0,4.99043258677874,0,0,3.87120101090789,0,2.94443897916644,2.83321334405622,5.25749537202778,0,1.09861228866811,0,0.693147180559945,0,4.35670882668959,2,4.43735
"382",0,0,0,0,0,0,0,0,0,4.15888308335967,0.693147180559945,0,0,2.70805020110221,0,0,2.83321334405622,2,4.52366
"383",0,4.06044301054642,0,2.30258509299405,0,0,3.3322045101752,2.07944154167984,1.09861228866811,2.99573227355399,0,2.83321334405622,0,0,6.44730586254121,0,3.93182563272433,1,3.03811
"384",0,0,0,3.91202300542815,1.94591014905531,0,3.43398720448515,0,2.19722457733622,4.59511985013459,0.693147180559945,2.30258509299405,0,0,0,0,3.29583686600433,1,2.88097
"385",0,0,0,0,0,6.73933662735717,0,0,0,0,0,0,0,0,0,0,6.46925031679577,1,1.35264
"386",0,0,0,1.38629436111989,0,0,0,0,0,0.693147180559945,1.38629436111989,5.35658627467201,2.77258872223978,1.6094379124341,0,0,3.49650756146648,3,6.78032
"387",0,0,1.94591014905531,6.18414889093748,0,0,5.29330482472449,0,0,0,0.693147180559945,3.91202300542815,6.40191719672719,5.97888576490112,0,1,5.70711026474888,6,5.96254
"388",0,0,0,0,0,0,0,2.70805020110221,3.04452243772342,1.79175946922805,0,0,4.59511985013459,1.09861228866811,4.04305126783455,0,3.49650756146648,2,2.46006
"389",0,3.91202300542815,0,2.30258509299405,0,0,0,0,3.85014760171006,0,0,4.97673374242057,4.63472898822964,0,0,0,3.97029191355212,3,3.87796
"390",0,0,0.693147180559945,2.484906649788,0,0,0,1.09861228866811,0.693147180559945,0.693147180559945,0,0.693147180559945,0,2.89037175789616,0,0,0,1,0.792859
"391",0,0,4.54329478227,1.79175946922805,0,0,0,0,0,0,0.693147180559945,0,0,0,0,0,3.43398720448515,0,2.61865
"392",2.70805020110221,5.66296048013595,0,0,0,0,0,0,0,0,0,0,0,0,0,0,4.06044301054642,0,1.31187
"393",0,0,2.56494935746154,0,5.95324333428778,0,0,0,0,0.693147180559945,0,0,0,0,0,0,3.55534806148941,3,5.37625
"394",0,0,0,3.66356164612965,4.8283137373023,0,0,0,0,0,0,4.17438726989564,0,0,4.79579054559674,0,4.31748811353631,3,5.69695
"395",0,3.2188758248682,0,2.94443897916644,0,0,0,3.80666248977032,0,0,0.693147180559945,3.29583686600433,0,0,0.693147180559945,0,2.83321334405622,0,0
"396",0,0,0,0,0,0,4.27666611901606,0,0.693147180559945,0,2.63905732961526,0,0,0,0,0,2.07944154167984,2,3.64676
"397",0,0,0,0,0.693147180559945,0,0,3.46573590279973,0,0,0,2.39789527279837,0,0,3.68887945411394,0,2.39789527279837,2,3.90708
"398",0,0,0,0,0,0,0,0,0,0,0,0,0,2.30258509299405,1.6094379124341,0,0,1,0.792859
"399",0,0,0,0,0,7.17625453201714,0.693147180559945,0,0,0,0,0,0,0,0,0,6.61740297797448,1,1.35264
"400",0,0,4.30406509320417,0,0,3.49650756146648,5.93489419561959,0,0,3.55534806148941,0,0,0,0,1.09861228866811,0,5.12989871492307,1,4.7258
"401",0,0,0,0,0,0,3.2188758248682,0,0,5.34233425196481,0,0,0,3.2188758248682,0,0,3.63758615972639,2,4.50164
"402",0,0,0,1.6094379124341,0,0,0,0,0,0,0,2.70805020110221,5.17614973257383,2.83321334405622,1.09861228866811,0,1.94591014905531,1,5.59993
"403",0,0,1.94591014905531,1.38629436111989,3.85014760171006,5.63478960316925,0,2.19722457733622,2.07944154167984,0,0,6.17170059741091,0,0,0,0,5.66988092298052,0,0
"404",0,1.38629436111989,0,2.89037175789616,0.693147180559945,0,1.6094379124341,0,0,0,0,5.12989871492307,5.32300997913841,0,5.24702407216049,1,3.29583686600433,2,3.95872
"405",0,0,0,0,4.34380542185368,0,1.38629436111989,0,0,4.68213122712422,4.46590811865458,0,0,0,0,0,3.63758615972639,2,0.96755
"406",0,0,0,0,0,6.71052310945243,0,0,0,0,0,0,0,0,0,0,6.42324696353352,1,1.35264
"407",0,1.38629436111989,0,0,0,0.693147180559945,0,0,0,3.04452243772342,4.27666611901606,0,0,0,0,0,0.693147180559945,1,4.04167
"408",0.693147180559945,1.6094379124341,0.693147180559945,4.31748811353631,0,0,0.693147180559945,0,0,1.38629436111989,0,0,0,0,3.8286413964891,0,3.25809653802148,0,4.06683
"409",3.25809653802148,3.71357206670431,2.99573227355399,3.78418963391826,2.484906649788,0,0,0,3.13549421592915,2.77258872223978,0,0,1.6094379124341,0,3.25809653802148,0,4.15888308335967,0,2.67407
"410",0,0,0,0,0,0,0,1.09861228866811,0.693147180559945,0.693147180559945,0,5.20948615284142,2.19722457733622,4.11087386417331,5.92692602597041,0,5.02388052084628,3,4.66519
"411",0,0,0,0,0,0,0,3.61091791264422,0,0.693147180559945,0,0,0,0,4.62497281328427,0,3.17805383034795,1,4.72472
"412",0,0,0,0.693147180559945,0,0,0,0,0,4.53259949315326,0,0,0,0,4.43081679884331,0,2.56494935746154,1,1.17486
"413",0,0,0,0,0,0,5.33271879326537,0,0.693147180559945,0,0,0,0,4.83628190695148,0,0,3.46573590279973,5,5.97302
"414",0,0,0,0,5.70044357339069,3.09104245335832,0,5.64544689764324,0,0,1.09861228866811,0,0,0,0,0,3.58351893845611,0,0
"415",0,0,4.76217393479776,0,0,0,0,0,0,0,0,0,0,3.25809653802148,0,0,3.8286413964891,1,1.18032
"416",0,0.693147180559945,0,0,4.77912349311153,6.37672694789863,0.693147180559945,4.49980967033027,5.48893772615669,0,1.6094379124341,6.52356230614951,2.56494935746154,0,0,0,6.18001665365257,0,0
"417",0.693147180559945,0,0,0,0,0,0,0,0,4.61512051684126,4.21950770517611,0,0,0,2.89037175789616,0,3.29583686600433,1,1.45269
"418",0,0,2.30258509299405,5.06890420222023,0,0,0,0,0,0,0,0,0,0,1.79175946922805,0,3.66356164612965,0,2.94415
"419",0,0,4.31748811353631,0.693147180559945,3.3322045101752,0,0,0.693147180559945,0,0,0,0,0,0,2.07944154167984,0,2.70805020110221,2,3.37826
"420",0,5.86929691313377,0,0,6.68835471394676,1.79175946922805,0,0.693147180559945,0,3.43398720448515,5.08140436498446,0,0,0,0,0,5.59471137960184,1,1.50087
"421",0,0,0,0,5.2040066870768,0,0,0,0,0,0,0,0,0,0,0,3.40119738166216,0,1.25878
"422",0,0,0,2.89037175789616,0,0,0,0,0,0,2.56494935746154,3.76120011569356,0,0,4.47733681447821,0,1.94591014905531,1,5.5834
"423",0,0,0,3.71357206670431,0,0,0,0,0,0,0,5.57594910314632,0,0,0,0,3.61091791264422,3,3.93677
"424",0,0,0,0,0,6.93049476595163,0,0,0,0,0,0,0,0,0,0,6.62539236800796,1,1.35264
"425",1.38629436111989,4.65396035015752,5.26269018890489,0,6.78445706263764,0,0,3.98898404656427,3.04452243772342,0,4.18965474202643,3.97029191355212,0,2.19722457733622,0,0,4.48863636973214,2,12.0175
"426",0,1.94591014905531,2.19722457733622,4.20469261939097,0,0,1.38629436111989,0,0,0.693147180559945,0,5.66296048013595,2.70805020110221,0.693147180559945,3.09104245335832,0,2.94443897916644,1,2.76207
"427",0,0,4.54329478227,0,5.93489419561959,0,0,0,0,0,0,0,0,0,0,0,4.31748811353631,2,2.5991
"428",0,0,0,3.52636052461616,2.484906649788,0,3.09104245335832,0,0,4.71849887129509,4.77912349311153,2.94443897916644,5.60947179518496,3.52636052461616,5.02388052084628,0,4.92725368515721,3,6.26449
"429",0.693147180559945,0,0,0.693147180559945,0,0,0,0,0,0,0,0,0,3.8286413964891,0,0,0,1,0.792859
"430",0,0,4.90527477843843,0,5.70044357339069,0,0,0,1.09861228866811,0,4.62497281328427,3.36729582998647,0,0,0,1,4.14313472639153,8,9.37718
"431",0,0,3.58351893845611,0,0,0,0,1.94591014905531,0,0,0,0,0,0,5.10594547390058,0,3.29583686600433,1,4.40689
"432",0,1.09861228866811,4.47733681447821,0,3.2188758248682,0,0,4.47733681447821,0,2.484906649788,2.89037175789616,0,0,2.56494935746154,0,0,4.20469261939097,0,0
"433",0,3.2188758248682,6.11146733950268,0,3.09104245335832,0,0,0.693147180559945,0,0,5.74620319054015,0.693147180559945,0,0,0,0,4.81218435537242,6,4.91412
"434",0,0,0,5.13579843705026,0,0,0,0,0,0,4.77068462446567,0,0,0,0,0,4.15888308335967,2,1.38982
"435",0,0,5.18738580584075,5.63121178182137,0,0,1.6094379124341,0,0,0,0,1.09861228866811,0,6.27664348934164,0,0,5.47646355193151,2,1.54522
"436",1.09861228866811,0,0,0,0,0,2.70805020110221,2.39789527279837,0,0,0,2.484906649788,0,0,5.31811999384422,0,3.49650756146648,1,5.74047
"437",0,0,0,0,4.969813299576,0,0,1.09861228866811,1.38629436111989,0,0,0,0,0,0,0,3.13549421592915,0,0
"438",0,2.77258872223978,5.63478960316925,0.693147180559945,4.77068462446567,0,0,5.74939298590825,0,0.693147180559945,0,2.19722457733622,0,0,0,0,4.95582705760126,2,3.4997
"439",0,0.693147180559945,0,0,0,0,1.09861228866811,0,0,0.693147180559945,0,0,0,4.60517018598809,0,0,1.38629436111989,1,0.792859
"440",0,0,0,2.63905732961526,3.93182563272433,0,0,0,0,1.6094379124341,0,0,4.55387689160054,1.6094379124341,0,0,3.93182563272433,1,1.18716
"441",0,0.693147180559945,0,0,0,0,1.38629436111989,4.85981240436167,0,3.25809653802148,0,5.92425579741453,0,1.79175946922805,0,1,3.58351893845611,2,2.52346
"442",0,0,0,4.70953020131233,0,0,0,0,2.39789527279837,0,0,0,5.40717177146012,0,6.24222326545517,0,4.51085950651685,4,9.68386
"443",0,0,0,1.09861228866811,0,0,0,0,0,0,0,0,0,4.27666611901606,0,0,1.38629436111989,2,1.15014
"444",0,0,0,0,0.693147180559945,0,3.87120101090789,0,0,0,1.79175946922805,0,0,2.83321334405622,0,0,2.56494935746154,2,2.32375
"445",0,1.38629436111989,2.63905732961526,0,0,0,0,0,4.72738781871234,0,0,0,6.14846829591765,0,0,0,4.45434729625351,1,3.67974
"446",0,0,0,6.80239476332431,0,0,0,0,0,0,0,6.04737217904628,0,0,0.693147180559945,1,3.2188758248682,9,16.8684
"447",0,0,0,5.24174701505964,0,0,0,0,0,0,4.38202663467388,3.29583686600433,0,0,0,0,4.11087386417331,1,0.60098
"448",0,0,0,2.39789527279837,0,0,0,0,0,0,1.79175946922805,0,0,2.70805020110221,0,0,0,1,0.792859
"449",0,4.46590811865458,0,0,0,0,0,0,0,4.83628190695148,0,0,0,0,0,0,3.8286413964891,1,3.28866
"450",1.6094379124341,0.693147180559945,6.20050917404269,6.77308037565554,0,0,5.44241771052179,0,0,1.09861228866811,2.89037175789616,0.693147180559945,1.6094379124341,5.9427993751267,0,1,5.80814248998044,24,25.5769
"451",0,0,0.693147180559945,0.693147180559945,0,0,3.66356164612965,0,0,0,2.19722457733622,0,0,0,0,0,2.30258509299405,1,2.88097
"452",0,0,0,1.79175946922805,3.04452243772342,0,0,0,1.6094379124341,0,0,0,2.30258509299405,0,2.30258509299405,0,2.99573227355399,0,0
"453",0,0.693147180559945,0,1.09861228866811,0,0,0,1.6094379124341,0,0,0,0,0,0,4.47733681447821,0,2.30258509299405,0,2.99495
"454",0,5.85220247977447,0.693147180559945,0,3.29583686600433,0,0.693147180559945,0,0,5.8805329864007,0,0,0,0,0,0,5.32300997913841,4,4.52366
"455",0,0,0,0,0,7.05617528410041,0,0.693147180559945,0,0,0,0,0,0,0,0,6.29341927884648,1,1.35264
"456",0,0,1.6094379124341,0,0.693147180559945,0,0,0.693147180559945,0,0,1.38629436111989,1.38629436111989,4.58496747867057,0,3.09104245335832,0,0,0,4.31109
"457",0,0,0,5.31811999384422,0,0,0,0,0,0.693147180559945,4.75359019110636,0,0.693147180559945,2.30258509299405,0,0,2.56494935746154,2,2.41614
"458",3.95124371858143,0,3.8286413964891,0,4.59511985013459,1.6094379124341,0,0,3.95124371858143,0,2.94443897916644,2.19722457733622,7.56112158953024,1.38629436111989,0,0,5.8171111599632,2,3.07326
"459",0,0,4.80402104473326,3.91202300542815,0,1.6094379124341,0,0,0,5.48479693349065,0,0,0,2.83321334405622,0,0,4.20469261939097,2,1.17973
"460",0.693147180559945,0,3.95124371858143,0,0,0,4.63472898822964,0,0,1.09861228866811,0,0,0,0,0,0,3.8286413964891,1,3.81886
"461",0,0,4.12713438504509,0,0,0,0.693147180559945,0,3.29583686600433,0,0,2.484906649788,0,0,0.693147180559945,0,3.04452243772342,1,2.54988
"462",0,0,0,0,1.09861228866811,0,0,4.66343909411207,3.89182029811063,0,0,0,0,0,0,0,0,0,1.64243
"463",0,0,0.693147180559945,1.09861228866811,0,0,0,0,0,4.95582705760126,0,0,0,0,0,0,2.99573227355399,1,3.28866
"464",0,0,2.30258509299405,0,0,0,4.18965474202643,0,0,3.40119738166216,4.62497281328427,1.6094379124341,0,0,0,0,4.06044301054642,1,2.36108
"465",0,0,4.68213122712422,0,0,0,0,2.30258509299405,0,0,0,0,0,0,0,0,2.77258872223978,2,2.71012
"466",0,0,0,0.693147180559945,0,0,0,0,0,0,0,0,4.76217393479776,2.99573227355399,4.15888308335967,0,4.06044301054642,3,6.64038
"467",0,1.6094379124341,2.30258509299405,0,0,0,4.45434729625351,6.17170059741091,0,0,0,0.693147180559945,1.09861228866811,5.34710753071747,0,0,4.94875989037817,2,3.64568
"468",0,0,0,0,0,0,0,0,0,0,0,0,0,4.83628190695148,0,1,2.63905732961526,5,3.17313
"469",0,0,0,2.30258509299405,0,0,0,0,0,0,4.30406509320417,0,0,0,0,0,1.38629436111989,0,2.29636
"470",0,0,0,4.66343909411207,0,0,0,2.94443897916644,3.76120011569356,0,2.89037175789616,0,4.26267987704132,0,0.693147180559945,0,2.94443897916644,4,5.88673
"471",1.09861228866811,0,2.77258872223978,4.30406509320417,0,0,4.36944785246702,0,0,0,0,0,0,6.74170069465205,0,1,5.24702407216049,2,1.54522
"472",0,0,0,0,0,0,1.6094379124341,0,0,5.46383180502561,4.55387689160054,0,0,0,0,0,4.27666611901606,0,3.12296
"473",0,2.484906649788,0,1.6094379124341,0,0,0,0,1.79175946922805,5.19295685089021,0,3.46573590279973,0,0,2.19722457733622,0,3.61091791264422,2,2.40151
"474",0,0,3.71357206670431,6.32256523992728,3.8286413964891,0,0,0,0,0,4.70953020131233,0,2.56494935746154,1.94591014905531,0,0,4.62497281328427,1,0.60098
"475",0,0,0,4.53259949315326,0,0,0,0,0,0,0,0,0,0,0,1,2.89037175789616,1,0.788836
"476",1.09861228866811,0,0,6.98656645940643,0,0,7.48042830607421,0,0,0,0,0,3.95124371858143,6.1463292576689,0.693147180559945,4,3.13549421592915,32,26.0888
"477",0,0,0.693147180559945,3.2188758248682,2.19722457733622,1.09861228866811,0,0,0,4.60517018598809,4.86753445045558,0,0,0,0,0,3.13549421592915,2,3.41583
"478",0,0,0,0,0,0,0,0,0,2.07944154167984,4.23410650459726,0,0,0,4.969813299576,0,2.30258509299405,0,2.60998
"479",2.39789527279837,5.67675380226828,0,0,0,0,0.693147180559945,0,0,0,0,0,0,0,0,0,4.06044301054642,0,1.03163
"480",0,0,2.39789527279837,2.484906649788,0,0,7.33498187887181,0,0,0,0,0,3.13549421592915,6.06842558824411,0,1,6.14846829591765,14,11.3676
"481",0,0,0.693147180559945,0,0.693147180559945,0,3.93182563272433,0,0,0,0,0,3.04452243772342,2.30258509299405,0,0,1.94591014905531,1,1.35264
"482",0.693147180559945,0,0,0,0,0,4.14313472639153,0,0,0,0,0,0,6.3491389913798,0,1,4.76217393479776,1,0.792859
"483",0,0,0,0,0,0,0,2.89037175789616,0,0,0,0,0,0,5.29330482472449,0,2.484906649788,0,5.87959
"484",0,0,2.70805020110221,1.94591014905531,0,0,0,0,0,0,0.693147180559945,0.693147180559945,0,3.98898404656427,0,0,0,1,0.792859
"485",2.30258509299405,0,2.77258872223978,3.97029191355212,0,0,0,0,2.63905732961526,6.08221891037645,1.79175946922805,0,2.63905732961526,2.89037175789616,3.58351893845611,1,4.76217393479776,3,5.76219
"486",0,0,0,0,0,0,0,0,0,4.54329478227,2.56494935746154,3.66356164612965,0,3.29583686600433,1.09861228866811,0,2.94443897916644,3,4.90018
"487",0,0,4.31748811353631,0,0,1.09861228866811,3.87120101090789,0,0.693147180559945,0,4.67282883446191,2.30258509299405,0,1.09861228866811,0,2,1.94591014905531,1,1.25985
"488",0,0,3.17805383034795,4.34380542185368,0,0,0,0,0,0,0,0,0,6.10031895202006,0,0,4.57471097850338,2,1.54522
"489",0,0,0,4.24849524204936,3.93182563272433,0.693147180559945,4.70953020131233,0,0,5.30826769740121,0,0,0,3.71357206670431,0,0,4.48863636973214,1,6.17458
"490",0,0,0,0,5.44673737166631,0,0,0,0,0,0.693147180559945,0,1.79175946922805,0,0,0,3.52636052461616,0,0
"491",0,0,0,0,0,0,7.13966033596492,2.83321334405622,0,0,0.693147180559945,2.83321334405622,0,6.33682573114644,0,3,5.76832099579377,20,18.3422
"492",0.693147180559945,0,0,0,0,7.90470391387375,0,0,0,0.693147180559945,0,0,0.693147180559945,0,0,0,7.61726781362835,1,1.35264
"493",1.09861228866811,0,0,3.52636052461616,3.97029191355212,2.70805020110221,0,0,2.63905732961526,1.38629436111989,6.69084227741856,3.3322045101752,1.94591014905531,1.94591014905531,4.27666611901606,0,5.24174701505964,0,1.43177
"494",0,0,0,3.13549421592915,0,0,0,0,0,0,0,0,0,3.97029191355212,0.693147180559945,0,2.07944154167984,1,0.792859
"495",0,0,0,0.693147180559945,3.43398720448515,0,0,3.40119738166216,0,0,0,0,0,0,0,0,1.94591014905531,0,1.64243
"496",0,0,0,2.19722457733622,0,2.30258509299405,0,0.693147180559945,2.89037175789616,0,0,2.07944154167984,0,0,5.4380793089232,0,4.04305126783455,1,3.9126
"497",0,0,0,4.21950770517611,0,0,0,0,0,0.693147180559945,0,4.86753445045558,0,0,0,0,2.99573227355399,1,2.1402
"498",0.693147180559945,0,4.84418708645859,1.94591014905531,3.66356164612965,0,0,0,0,0,4.46590811865458,0,0,0,0,0,3.68887945411394,3,3.67948
"499",0,0,5.28320372873799,0.693147180559945,0,0,5.90808293816893,0,0,0,1.79175946922805,2.83321334405622,0,0,1.6094379124341,0,4.58496747867057,4,8.43595
"500",0,0,0,0,2.63905732961526,0,6.18208490671663,0,0,1.6094379124341,3.25809653802148,4.07753744390572,0,0,0,3,4.74493212836325,19,14.0755
"501",0,5.16478597392351,5.34233425196481,4.969813299576,6.36475075685191,3.25809653802148,0.693147180559945,4.34380542185368,2.484906649788,0,0,5.25227342804663,0,0.693147180559945,0,0,5.47227067367148,2,8.26847
"502",0,0,0,0.693147180559945,4.89783979995091,0,0,0,0,0,0,0,0,0,0,0,3.09104245335832,0,1.25878
"503",0,0,0,0,0,0,2.56494935746154,0,0,0,2.39789527279837,0,1.09861228866811,0,0,0,1.38629436111989,1,1.09884
"504",0,1.6094379124341,4.20469261939097,4.67282883446191,2.39789527279837,0,0,0,0,0.693147180559945,0,3.29583686600433,0,0,4.71849887129509,0,4.40671924726425,1,3.05437
"505",0,0,0,0.693147180559945,0,0,6.01126717440416,0,0,0,3.8286413964891,0,1.09861228866811,0,0,0,3.2188758248682,7,10.3263
"506",0,2.56494935746154,0,0,0,0,0,3.61091791264422,6.37331978957701,0,0,0,0.693147180559945,0.693147180559945,0,0,3.80666248977032,1,2.88097
"507",0,0,0,0,0,0,2.70805020110221,0,0,4.15888308335967,0,0,0,0,0,0,2.30258509299405,1,3.28866
"508",0,0,0,0,0,0,4.61512051684126,0,0,6.21260609575152,0,2.89037175789616,0,2.19722457733622,3.43398720448515,0,4.89034912822175,8,11.2928
"509",0,0,0,6.29156913955832,0.693147180559945,0,0,6.06842558824411,0.693147180559945,0.693147180559945,0,0,1.09861228866811,0,1.09861228866811,0,4.0943445622221,4,8.49681
"510",0,0,5.71702770140622,0,0,0,1.09861228866811,0,0,0,0,0,0.693147180559945,3.63758615972639,0,0,4.35670882668959,3,2.57416
"511",0,0,5.91350300563827,0,4.21950770517611,0,0,1.38629436111989,3.63758615972639,0,0,3.2188758248682,0,0,2.07944154167984,1,4.59511985013459,4,4.10964
"512",0,0,0,0,0,0,0,0,0,0,0,0,0,4.52178857704904,0,0,2.63905732961526,1,0.792859
"513",0,0,0,0,0.693147180559945,0,0,0,0,0,1.09861228866811,0,0,5.34233425196481,0,0,3.63758615972639,1,0.792859
"514",0,0,0,0,0,0.693147180559945,0,0,0,0,0,0,0,0,4.64439089914137,0,2.70805020110221,1,3.66829
"515",0,0.693147180559945,6.94119005506837,0,0,0,0,1.79175946922805,0,0,0,1.09861228866811,0,6.39526159811545,0.693147180559945,0,5.96357934361845,2,1.54522
"516",0,0,2.19722457733622,1.38629436111989,0,0,0,0,2.83321334405622,0,0,3.25809653802148,5.2257466737132,3.17805383034795,1.6094379124341,0,4.36944785246702,2,6.52069
"517",0,1.6094379124341,0,4.91265488573605,0,0,0,0,1.6094379124341,0,0,0,5.41610040220442,0,6.14203740558736,1,4.94875989037817,6,14.6136
"518",0,0,0,5.26269018890489,0,1.38629436111989,3.91202300542815,0,1.79175946922805,2.484906649788,5.14166355650266,0,2.77258872223978,0,0,0,4.46590811865458,3,4.63934
"519",0,0,0,0.693147180559945,5.4971682252932,2.77258872223978,3.09104245335832,0,0,0,3.66356164612965,0,1.09861228866811,0,0,0,3.95124371858143,0,0
"520",1.38629436111989,0,0,0,0,5.29330482472449,0,5.7037824746562,0,0,4.31748811353631,0,7.35691824235602,0,0,0,6.53233429222235,1,1.17515
"521",0,0,4.33073334028633,0,0,0,1.09861228866811,0,0,2.07944154167984,0,0,0,0.693147180559945,0,0,3.09104245335832,2,2.35699
"522",0,0,3.3322045101752,0,0,0,0,0,5.03043792139244,2.39789527279837,3.3322045101752,3.91202300542815,2.30258509299405,0,0,1,4.27666611901606,1,0.938338
"523",0,0,3.63758615972639,0,0.693147180559945,0,0,0.693147180559945,0,0,0,0,0,0,0,0,1.6094379124341,2,2.35699
"524",0,1.09861228866811,0,0,0,0,0,0,0,0,0,0,0,0,2.39789527279837,0,1.79175946922805,1,4.57123
"525",0,0,3.76120011569356,3.43398720448515,0,0,0,0,0,0,0,0.693147180559945,0,5.17048399503815,0,0,4.04305126783455,2,1.54522
"526",0,0,0,5.60947179518496,0,0,0,0,0,0,4.27666611901606,0,0,0,0.693147180559945,0,3.52636052461616,1,0.60098
"527",0,0,0,0,3.98898404656427,0,2.19722457733622,0,0,0,0,0.693147180559945,0,0,0,0,2.56494935746154,1,2.82217
"528",0,0,0,2.30258509299405,0,0,0,2.83321334405622,0,0,4.39444915467244,0.693147180559945,3.73766961828337,2.39789527279837,5.03043792139244,0,3.71357206670431,2,3.30197
"529",0,0,0,5.26269018890489,0,0,0,0,0,0.693147180559945,1.38629436111989,0,0,1.09861228866811,0,1,4.02535169073515,1,0.788836
"530",1.38629436111989,0,3.80666248977032,4.9416424226093,0,0,0,0,0,0,0,4.40671924726425,0,0,4.67282883446191,0,4.31748811353631,3,5.80413
"531",0,0.693147180559945,2.83321334405622,0,6.51471269087253,0,0,0,0,0,0,0,0,0,0,0,4.40671924726425,1,1.18716
"532",7.95682712209011,0,0,0,0,0,0,0,0,0,0,0,0,0,0,0,7.31654817718298,1,1.41194
"533",0,0,0,0,0,0,3.63758615972639,0,0.693147180559945,3.36729582998647,0,0,0,0,0,0,2.94443897916644,0,2.58836
"534",0,0,0,2.83321334405622,0,0,0,0,0,0,0,0,0,4.38202663467388,0,0,2.83321334405622,1,0.792859
"535",0,0,0,1.38629436111989,0,0,0.693147180559945,0,6.24610676548156,0,0,0,6.5366915975913,0,0,0,4.99721227376411,5,12.9419
"536",0,0,0.693147180559945,0,0,0,0,0,0.693147180559945,4.12713438504509,1.38629436111989,2.70805020110221,0,0,0,0,1.94591014905531,1,3.28866
"537",1.94591014905531,0,3.3322045101752,4.40671924726425,0.693147180559945,0,3.63758615972639,0,2.484906649788,0,0,0,0,5.91889385427315,0,0,4.83628190695148,1,0.792859
"538",0,3.17805383034795,2.07944154167984,0,0,0,0,1.38629436111989,0.693147180559945,3.29583686600433,0,0,0,0,0,0,2.94443897916644,1,3.28866
"539",0,0,0,0,0,0,6.92559519711047,0,0,1.94591014905531,0,0,0,5.37063802812766,2.63905732961526,4,5.69035945432406,9,9.24384
"540",0,0,0,3.13549421592915,0,0,0,0,0,0,0,5.68357976733868,0,0,0,0,3.68887945411394,3,3.93677
"541",0,2.70805020110221,0,3.3322045101752,0,0,4.14313472639153,0,0,0,2.70805020110221,4.91265488573605,0,0,2.56494935746154,0,3.68887945411394,3,7.82654
"542",0,0,5.46383180502561,0,0,3.3322045101752,3.93182563272433,0,0,0,0,0,0,3.61091791264422,0,0,4.57471097850338,2,1.39384
"543",0.693147180559945,0,3.40119738166216,2.19722457733622,5.41610040220442,0,0,0,0,0,1.38629436111989,0,0,0,1.09861228866811,0,3.71357206670431,3,4.42816
"544",0,0,0.693147180559945,3.46573590279973,0,0,0,2.70805020110221,0,4.57471097850338,2.63905732961526,0,1.6094379124341,0,4.12713438504509,0,3.25809653802148,1,1.17486
"545",0,5.54907608489522,1.6094379124341,5.17614973257383,0,0,0,3.2188758248682,0,3.09104245335832,0,0,4.77068462446567,1.79175946922805,0,0,4.969813299576,2,3.6711
"546",0,0,0,5.92958914338989,0,0,0,0,0,1.09861228866811,4.44265125649032,0,2.19722457733622,0,0,0,4.20469261939097,1,1.25985
"547",0,3.04452243772342,0,2.83321334405622,1.6094379124341,0,8.67299964255444,0,0,0,3.49650756146648,4.86753445045558,3.04452243772342,9.08477714900084,1.6094379124341,9,7.87511928104029,81,39.6054
"548",0,0,1.09861228866811,0,0,0,4.38202663467388,0,0,4.89034912822175,3.3322045101752,0,0,0.693147180559945,0,0,4.11087386417331,1,4.17914
"549",0,0,0.693147180559945,0,0,0,0,0.693147180559945,0,0,4.27666611901606,0,0,0,0,0,1.79175946922805,1,2.49732
"550",2.484906649788,0,0,0,0.693147180559945,0,0,6.33505425149806,1.6094379124341,0,0,0,0,0,0,0,5.37989735354046,0,1.97962
"551",0,0,4.20469261939097,5.62762111369064,0,0,0,2.07944154167984,0.693147180559945,1.6094379124341,0.693147180559945,3.80666248977032,0,0.693147180559945,6.97634807044775,0,5.59842195899838,5,4.9693
"552",0,0,0,0,0,0,0,0,0,0,0,0,5.60947179518496,1.09861228866811,0,0,3.40119738166216,1,1.26735
"553",0,6.13988455222626,2.30258509299405,0,0,0.693147180559945,0,0,0,0,0,0.693147180559945,0,0,0,0,4.47733681447821,0,1.03163
"554",1.09861228866811,1.09861228866811,6.36302810354046,0,3.98898404656427,0,0,7.6657534318617,3.71357206670431,0,2.63905732961526,3.55534806148941,2.63905732961526,0,3.2188758248682,0,5.62401750618734,2,3.59553
"555",0,2.484906649788,0,0,1.79175946922805,0,0,0,1.09861228866811,0.693147180559945,0.693147180559945,0,0,0,1.09861228866811,0,1.6094379124341,0,4.11562
"556",0,4.74493212836325,4.70953020131233,0,6.62804137617953,0,0,0,2.30258509299405,2.19722457733622,3.95124371858143,5.41610040220442,0,0,0,0,5.6021188208797,1,7.62066
"557",0,0,0,0,3.13549421592915,0,0,0,0,0,0,3.04452243772342,0.693147180559945,0,0,0,2.30258509299405,0,0
"558",0,0,0,0,0.693147180559945,0,0,1.6094379124341,0,0,0,0,0,0,4.44265125649032,0,2.39789527279837,1,4.23349
"559",0,3.40119738166216,0,1.09861228866811,0,0,3.85014760171006,1.94591014905531,0,5.92157841964382,2.39789527279837,0,0,2.07944154167984,0,0,4.64439089914137,3,4.75056
"560",0,0.693147180559945,0,0,0,7.23993259132047,0,0,0,0,0,0,0,0,0,0,6.82979373751242,1,1.35264
"561",0,0,0,5.69035945432406,5.96100533962327,0,0,0,2.70805020110221,0,1.94591014905531,0,0,3.68887945411394,3.25809653802148,0,3.78418963391826,2,2.58708
"562",0,0,0,0,0,6.12029741895095,0,0,0,0,0.693147180559945,0,0,0,0,0,5.5834963087817,1,1.35264
"563",0,0,0,4.29045944114839,4.63472898822964,0,5.19295685089021,2.30258509299405,2.484906649788,6.11146733950268,0,4.38202663467388,0,3.80666248977032,0,0,5.29831736654804,0,1.25878
"564",0,3.97029191355212,0,0,0,0,7.31588350450979,0,0,4.00733318523247,3.78418963391826,2.484906649788,0,6.25190388316589,0,4,5.7268477475872,21,19.5286
"565",0,0,0,2.39789527279837,0,0,0,0.693147180559945,0,2.07944154167984,0,6.22059017009974,4.67282883446191,3.43398720448515,3.3322045101752,1,3.2188758248682,2,5.96744
"566",0,0,0,1.6094379124341,0,0,0,0,0,4.26267987704132,1.38629436111989,0,0,0,0,0,2.484906649788,1,3.28866
"567",0,0,3.46573590279973,5.00394630594546,0,0,2.56494935746154,1.94591014905531,0,0,0,0,0,5.79301360838414,0,0,4.85981240436167,3,5.5234
"568",0,0,0,1.38629436111989,2.39789527279837,0,0,0,5.2257466737132,3.78418963391826,0,3.61091791264422,0,0,6.51323011091231,0,4.30406509320417,6,16.8048
"569",0,0,0,0,0,0,3.71357206670431,0,0,2.70805020110221,4.15888308335967,0,0,0,0,0,3.25809653802148,0,2.60998
"570",1.09861228866811,3.66356164612965,5.30330490805908,0,0,0,0,0,0,0,0,0,0,0,1.38629436111989,0,4.33073334028633,0,1.31187
"571",0,0,0,4.34380542185368,1.94591014905531,0,0.693147180559945,0,2.83321334405622,0,1.38629436111989,1.09861228866811,0,0,4.91998092582813,0,4.34380542185368,1,7.41088
"572",0,3.46573590279973,5.40267738187228,7.75362354655975,0,0,4.21950770517611,0,0,2.94443897916644,4.12713438504509,0,0,5.14749447681345,0,1,6.1527326947041,3,4.35401
"573",0,1.09861228866811,0,1.09861228866811,1.09861228866811,0,0,0,0,0,0,0,0,1.38629436111989,5.10594547390058,0,3.63758615972639,1,10.3086
"574",0,0,0,0,0,0,0,2.484906649788,0,0,0,2.94443897916644,0,0,3.80666248977032,0,2.30258509299405,2,4.50602
"575",0,0.693147180559945,3.91202300542815,0,3.46573590279973,0,1.38629436111989,0,0,0,2.56494935746154,0,1.94591014905531,0,0,0,2.30258509299405,4,5.52249
"576",0.693147180559945,0,4.35670882668959,0,0,0,3.97029191355212,0,1.38629436111989,0,0,1.94591014905531,0,2.63905732961526,0,0,3.73766961828337,4,5.63409
"577",0,1.09861228866811,0,0,0,0,0,1.09861228866811,0,5.91350300563827,0,0,0,0,0,0,4.23410650459726,7,7.54956
"578",0,0,0,4.78749174278205,5.88887795833288,0,4.30406509320417,0,4.47733681447821,1.79175946922805,5.02388052084628,5.50533153593236,0,4.40671924726425,4.56434819146784,0,5.17614973257383,0,0
"579",2.19722457733622,4.04305126783455,0,0,0,0,0,0,0,4.72738781871234,4.21950770517611,1.38629436111989,0,2.89037175789616,0,0,3.76120011569356,1,4.3615
"580",0,0,0,1.79175946922805,1.09861228866811,0,0,0,0,0,0,2.99573227355399,0,0,6.21460809842219,0,4.77068462446567,2,2.65048
"581",0,2.484906649788,5.89989735358249,7.14519613499717,5.64190707093811,2.07944154167984,3.46573590279973,0.693147180559945,3.49650756146648,3.73766961828337,4.77912349311153,7.30586003268401,4.51085950651685,4.59511985013459,5.09375020080676,1,5.4249500174814,6,16.8263
"582",0,0,0,4.89034912822175,0,0,0,0,0,0,0,0,0,1.09861228866811,0,0,3.09104245335832,1,0.60098
"583",0.693147180559945,0,0,5.18738580584075,0,0,0,0,3.71357206670431,0,0,6.10479323241498,0,0,0,1,3.04452243772342,3,5.92561
"584",0,0,5.6021188208797,3.49650756146648,2.94443897916644,0,1.79175946922805,0,0,2.99573227355399,2.89037175789616,1.09861228866811,0,0,0,0,4.34380542185368,5,6.8389
"585",0,0,0,0,0,0,0,0,0,4.77068462446567,0,1.09861228866811,2.19722457733622,0,0,0,3.36729582998647,1,3.28866
"586",3.36729582998647,6.87109129461055,5.07517381523383,3.29583686600433,4.76217393479776,3.80666248977032,0,1.09861228866811,2.56494935746154,3.40119738166216,0,4.43081679884331,0.693147180559945,0,0,0,5.59098698051086,1,1.18716
"587",0,0,0,0.693147180559945,5.91620206260743,3.3322045101752,0,2.99573227355399,5.11799381241676,0,0,0,0,0,0,0,3.29583686600433,0,0
"588",0,1.09861228866811,0,1.09861228866811,3.40119738166216,0,0,3.71357206670431,0,0,0,0,0,0,0,0,1.94591014905531,0,1.64243
"589",0,1.6094379124341,0,4.64439089914137,0,0,0,0,3.29583686600433,1.09861228866811,2.484906649788,1.79175946922805,0,2.94443897916644,5.92692602597041,0,4.12713438504509,0,0
"590",0,1.79175946922805,0,0,0,7.18614430452233,0,0,0,0,0,0,0,0,0,0,6.81124437860129,1,1.35264
"591",1.09861228866811,3.04452243772342,2.99573227355399,0.693147180559945,0,0,0,0,0,1.94591014905531,4.48863636973214,0,0,0,0,0,3.91202300542815,1,3.14666
"592",0,0,1.09861228866811,3.76120011569356,0,0,0,0.693147180559945,3.85014760171006,2.484906649788,0,0,0,0,4.74493212836325,0,3.25809653802148,2,9.97613
"593",0,0.693147180559945,0,0,6.68210859744981,1.79175946922805,0,0,2.63905732961526,0,0,0.693147180559945,0,0,0,0,3.89182029811063,6,10.68
"594",0,0,2.30258509299405,4.91265488573605,2.77258872223978,0,0,0,0,0.693147180559945,5.17614973257383,0,0,0.693147180559945,0,0,2.83321334405622,2,8.13453
"595",0,0,0,1.09861228866811,0,0,0,0,0,0,0,4.47733681447821,0,0,1.79175946922805,0,1.6094379124341,2,5.42599
"596",0,0,0,2.83321334405622,0,0,1.09861228866811,0,0.693147180559945,0,0,0,0,5.66642668811243,3.66356164612965,0,4.27666611901606,1,0.60098
"597",0,0,4.35670882668959,0,0,0,0,0,0.693147180559945,0,0,0,0,3.52636052461616,0,0,3.40119738166216,1,0.792859
"598",0,0,0.693147180559945,2.39789527279837,0,0,0,2.63905732961526,0.693147180559945,0,0,5.58724865840025,4.58496747867057,0,5.43372200355424,0,2.83321334405622,6,10.3467
"599",0,0,0,0,0,0,0,0,0,0,0,0,0,3.61091791264422,0,0,0,1,0.792859
"600",0,0,3.55534806148941,0,4.14313472639153,0,0.693147180559945,0,0,0,0,0,0,0,0,0,2.99573227355399,0,0
"601",0,0,1.94591014905531,0,0,0,0,0,0,0,0,2.83321334405622,0,0,3.8286413964891,0,2.83321334405622,2,2.6029
"602",0,1.09861228866811,0,2.30258509299405,0,0,1.94591014905531,0,0,1.38629436111989,0,0,0,1.38629436111989,0,0,1.38629436111989,0,1.64243
"603",1.09861228866811,4.00733318523247,0,1.38629436111989,3.17805383034795,0,0,0,0.693147180559945,0,0,0,0,0,2.77258872223978,0,3.17805383034795,0,4.11562
"604",0,4.43081679884331,0,2.07944154167984,3.36729582998647,2.70805020110221,0,5.68357976733868,0,4.65396035015752,0,1.09861228866811,0,0,4.39444915467244,0,5.11799381241676,1,5.48549
"605",0,0,0,0,0,0,0,0,0,0,0,4.99721227376411,0,0,0,0,3.09104245335832,1,1.26735
"606",0,0,1.09861228866811,0,5.8805329864007,0,1.09861228866811,0,0.693147180559945,0,0,0,0,0,0,0,2.70805020110221,0,0
"607",0,0,0,0,0,0,0.693147180559945,3.04452243772342,0,1.79175946922805,0,0,0,0,4.0943445622221,0,2.70805020110221,1,4.12294
"608",0,4.51085950651685,0.693147180559945,0,0,0,0,0,0,4.76217393479776,0,0,0,0,1.09861228866811,0,3.71357206670431,1,3.28866
"609",0,4.53259949315326,0,0.693147180559945,0,0,0,0,0,4.77068462446567,0,0,0,0,0,0,3.71357206670431,1,3.28866
"610",3.29583686600433,0,3.43398720448515,2.39789527279837,0,0,1.6094379124341,5.12396397940326,0,0,0,0,0,5.54517744447956,0,0,4.38202663467388,2,3.69563
"611",0,0,0,2.30258509299405,0,1.6094379124341,0,0,0,0,0,2.484906649788,1.38629436111989,3.63758615972639,0,0,2.83321334405622,0,1.64243
"612",0.693147180559945,0.693147180559945,3.52636052461616,2.19722457733622,0,0,0,0,0,0,0,1.38629436111989,0,0.693147180559945,4.9416424226093,0,3.52636052461616,1,1.05147
"613",0,0,3.63758615972639,0,0,0,0,0,0,0,0.693147180559945,0,0,6.69579891705849,0,0,5.11799381241676,2,1.54522
"614",0,0,0,0,0,1.09861228866811,0,0,2.07944154167984,4.30406509320417,0,3.04452243772342,0.693147180559945,0,0,0,2.83321334405622,1,1.23854
"615",0,0,3.63758615972639,2.30258509299405,2.63905732961526,0,0,0,0,1.09861228866811,2.19722457733622,0,0,0.693147180559945,0,0,2.56494935746154,0,3.22194
"616",0,0,0,0,0,0,0,4.23410650459726,0,0,0,5.03695260241363,0,0,4.90527477843843,0,3.87120101090789,2,4.71817
"617",4.04305126783455,0,3.3322045101752,1.6094379124341,0,0,0,0,0.693147180559945,0,1.38629436111989,3.3322045101752,1.6094379124341,2.19722457733622,0,0,3.2188758248682,0,0
"618",0,5.11799381241676,0.693147180559945,0,0,0,0,0,0,5.39362754635236,0,1.09861228866811,0,0,0,0,4.24849524204936,1,3.28866
"619",0,0.693147180559945,0,1.38629436111989,0.693147180559945,0,0,0,0,0,0,3.71357206670431,0,0,0,0,1.6094379124341,0,1.64243
"620",0,0,0,2.484906649788,0,0,0,0,3.46573590279973,0.693147180559945,0,0,5.75574221358691,0,0,0,4.38202663467388,0,3.0742
"621",2.89037175789616,4.58496747867057,4.52178857704904,2.77258872223978,0,0,0,0,0,0,0.693147180559945,0,0,0,0,0,2.30258509299405,0,1.31187
"622",0,0,5.54517744447956,5.44241771052179,0.693147180559945,0,4.24849524204936,0,0,0,0,1.79175946922805,0,5.86078622346587,0,0,4.74493212836325,5,9.59891
"623",0,0,0,4.24849524204936,0,0,0,0,0,0,0,5.62040086571715,0,0,0,0,3.80666248977032,3,3.93677
"624",0,0,0,0,0,0,4.17438726989564,0,0,5.24174701505964,0,0,0,4.97673374242057,0,0,4.20469261939097,8,9.35438
"625",2.484906649788,0,2.19722457733622,0,0.693147180559945,0,0,0,0,0,0,0,0,0,2.56494935746154,0,1.79175946922805,0,3.0352
"626",0,0,0,0,0,0,0,0,0,4.00733318523247,0,0,0,0,0,0,2.39789527279837,1,3.28866
"627",7.67786350067821,0,0,2.63905732961526,0,0.693147180559945,0,0,0,0,0,0,0,0,0,0,6.94793706861497,9,10.2371
"628",0,0,0,0,0,0,0,5.8664680569333,3.78418963391826,0,0,0,0,0,0,0,3.73766961828337,0,0
"629",0,0,0,3.46573590279973,1.6094379124341,0,0,0,0,0,0,0,2.99573227355399,0,2.30258509299405,0,2.83321334405622,0,0
"630",7.53476265703754,1.09861228866811,4.07753744390572,5.55682806169954,2.70805020110221,0,0,3.63758615972639,7.33823815006559,0,0,2.484906649788,0,0,7.028201432058,1,6.9177056098353,18,23.6331
"631",0,0,5.48063892334199,0,0,0,4.24849524204936,0,0,0,1.6094379124341,0,1.09861228866811,1.79175946922805,0,0,4.59511985013459,11,13.5448
"632",0,0,5.28826703069454,0,0,0,3.63758615972639,0,0,0,2.30258509299405,2.19722457733622,0,0,0,0,4.23410650459726,7,9.10209
"633",0,0,3.89182029811063,3.04452243772342,2.56494935746154,0,0,0,0,1.38629436111989,0,0,0,3.25809653802148,4.07753744390572,0,3.58351893845611,2,2.6029
"634",0,0,5.31811999384422,0.693147180559945,0,0,0,2.56494935746154,0,0,0.693147180559945,0,0,0,0,0,3.49650756146648,2,2.35699
"635",0,0,0,3.76120011569356,2.484906649788,6.9177056098353,7.15305163493748,3.04452243772342,0,0,0,0,0,0,0,0,6.7428806357919,0,0
"636",0,0,4.7361984483945,0.693147180559945,1.38629436111989,1.6094379124341,0,0,4.14313472639153,0,1.09861228866811,1.09861228866811,4.23410650459726,0,6.21860011969173,0,4.9416424226093,3,3.75035
"637",0,4.38202663467388,0,0,0,0,0,0,5.53733426701854,6.30261897574491,0,0,0,0,0,0,5.04342511691925,2,3.00249
"638",0.693147180559945,0,0,1.38629436111989,0,0,0,0,0,0,0,0,0,6.02344759296103,0,0,4.39444915467244,1,0.792859
"639",0,0,2.89037175789616,4.75359019110636,0,0,2.07944154167984,0.693147180559945,0,0,0,0,0,0,0,0,3.29583686600433,1,2.99256
"640",1.09861228866811,0,5.08140436498446,0.693147180559945,0,0,4.27666611901606,0,0,0,0.693147180559945,0,0,0,0,0,4.48863636973214,1,3.81886
"641",0,0,0,0,0,0,0,3.89182029811063,0,0,4.70953020131233,4.04305126783455,0.693147180559945,0,4.04305126783455,0,3.68887945411394,2,2.35
