"","V1","V2","bug","loc","bf","hcm"
"1",3.98898404656427,4.67282883446191,0,3.17805383034795,0,3.71677
"2",3.63758615972639,3.49650756146648,0,2.19722457733622,0,6.41569
"3",3.80666248977032,5.07517381523383,0,3.36729582998647,1,1.76682
"4",4.29045944114839,4.93447393313069,0,3.61091791264422,1,1.76682
"5",4.52178857704904,4.68213122712422,0,3.49650756146648,0,6.01575
"6",0,4.46590811865458,0,2.19722457733622,8,21.9852
"7",8.15190987294091,9.09593911166621,28,0,232,58.1518
"8",0,4.63472898822964,0,2.77258872223978,1,7.72196
"9",3.89182029811063,3.2188758248682,0,2.56494935746154,1,6.4354
"10",4.62497281328427,1.38629436111989,0,2.77258872223978,3,4.51037
"11",3.95124371858143,6.84694313958538,1,5.06890420222023,3,7.63864
"12",6.77992190747225,0,0,5.15329159449778,5,10.3932
"13",5.62762111369064,4.96284463025991,0,3.95124371858143,2,6.12275
"14",0,6.60394382460047,0,4.87519732320115,2,8.98492
"15",7.07834157955767,0,0,5.35185813347607,1,4.87416
"16",4.95582705760126,2.56494935746154,0,2.94443897916644,4,5.85726
"17",4.57471097850338,7.31721240835984,3,5.50533153593236,14,22.9998
"18",4.54329478227,5.41610040220442,0,3.76120011569356,1,0
"19",4.81218435537242,0,0,3.61091791264422,0,6.42599
"20",2.19722457733622,7.18916773842032,0,5.53338948872752,23,15.7896
"21",5.94803498918065,3.71357206670431,0,3.55534806148941,9,18.6755
"22",6.85751406254539,2.89037175789616,1,4.82028156560504,11,21.0216
"23",3.61091791264422,0,1,0,2,5.98814
"24",4.92725368515721,6.38350663488401,1,4.77912349311153,2,11.1043
"25",5.83188247728352,6.36818718635049,1,4.90527477843843,8,22.1695
"26",6.83625927727707,1.94591014905531,0,5.47227067367148,7,14.0182
"27",0,5.14749447681345,0,2.63905732961526,0,5.32582
"28",4.94875989037817,4.74493212836325,0,3.49650756146648,0,3.18664
"29",3.61091791264422,4.9416424226093,0,3.04452243772342,0,4.68802
"30",4.9416424226093,7.19668657083435,0,5.76205138278018,24,16.953
"31",5.27299955856375,0,0,3.80666248977032,2,7.10446
"32",5.39816270151775,1.09861228866811,0,3.87120101090789,2,12.8088
"33",6.53524127101366,0,0,4.97673374242057,4,12.3547
"34",5.4249500174814,6.33150184989369,1,5.03695260241363,8,17.2555
"35",5.28826703069454,1.6094379124341,0,3.43398720448515,1,6.09363
"36",0,6.49978704065585,0,4.57471097850338,7,17.0132
"37",3.58351893845611,4.12713438504509,0,2.77258872223978,1,9.16205
"38",4.65396035015752,3.80666248977032,0,3.46573590279973,1,7.83167
"39",4.04305126783455,5.17614973257383,0,3.40119738166216,2,1.56044
"40",4.67282883446191,4.9416424226093,0,3.43398720448515,0,3.71677
"41",3.95124371858143,5.03695260241363,0,3.17805383034795,0,9.36692
"42",4.26267987704132,0.693147180559945,0,2.30258509299405,1,5.36088
"43",4.51085950651685,6.18208490671663,0,4.65396035015752,3,13.5092
"44",0,4.4188406077966,1,4.70953020131233,1,8.39741
"45",4.72738781871234,3.36729582998647,1,2.89037175789616,1,5.70432
"46",5.52942908751142,0,0,3.68887945411394,2,5.2122
"47",3.17805383034795,6.97166860472579,0,5.19295685089021,5,12.5528
"48",4.00733318523247,5.40267738187228,0,3.55534806148941,4,17.1566
"49",3.09104245335832,5.97888576490112,0,4.55387689160054,3,5.38823
"50",5.58724865840025,4.60517018598809,0,3.52636052461616,0,8.04434
"51",5.15329159449778,4.18965474202643,0,3.29583686600433,3,4.41939
"52",6.42648845745769,2.89037175789616,0,4.24849524204936,4,12.3849
"53",6.64248680136726,6.361302477573,0,4.54329478227,11,16.5679
"54",4.65396035015752,3.73766961828337,0,2.89037175789616,1,1.76682
"55",6.10924758276437,3.66356164612965,0,4.88280192258637,2,14.705
"56",3.95124371858143,0,0,1.38629436111989,1,1.77712
"57",5.91350300563827,7.39756153552405,0,6.07073772800249,15,27.4268
"58",6.82328612235569,5.71373280550937,0,5.11799381241676,4,6.33209
"59",4.04305126783455,0,0,2.484906649788,1,3.19695
"60",7.49108759353488,4.24849524204936,1,6.0330862217988,8,21.8404
"61",4.81218435537242,2.484906649788,0,2.99573227355399,2,9.25652
"62",6.66568371778241,1.94591014905531,0,4.86753445045558,3,4.385
"63",7.5847730776122,4.36944785246702,1,5.75257263882563,9,16.6538
"64",2.484906649788,5.54517744447956,0,3.85014760171006,0,4.33338
"65",5.36129216570943,6.24997524225948,0,4.70953020131233,7,18.4091
"66",6.01859321449623,6.76041469108343,0,5.36129216570943,6,17.8255
"67",5.06890420222023,2.07944154167984,0,3.36729582998647,2,8.10954
"68",3.66356164612965,3.13549421592915,0,2.63905732961526,3,4.69981
"69",0,5.23110861685459,0,3.8286413964891,7,12.0569
"70",2.39789527279837,5.44673737166631,0,3.49650756146648,0,7.26436
"71",3.36729582998647,4.27666611901606,0,2.63905732961526,1,1.76682
"72",0,5.52545293913178,0,3.49650756146648,1,15.5592
"73",4.17438726989564,5.17614973257383,0,3.55534806148941,3,10.2202
"74",6.33327962813969,0,0,4.54329478227,1,1.50465
"75",5.90808293816893,1.38629436111989,0,4.56434819146784,2,8.48552
"76",2.77258872223978,5.56068163101553,0,3.76120011569356,1,1.76682
"77",6.03068526026126,0,0,4.58496747867057,1,1.77712
"78",5.49306144334055,2.89037175789616,0,3.49650756146648,1,4.41258
"79",5.47646355193151,3.98898404656427,0,3.78418963391826,1,7.72196
"80",6.3750248198281,0,0,4.63472898822964,5,14.1511
"81",5.00394630594546,0,0,3.46573590279973,2,5.07878
"82",4.70048036579242,5.90263333340137,0,4.72738781871234,0,4.22329
"83",3.8286413964891,0,0,1.79175946922805,1,2.63545
"84",7.2283884515736,0,0,4.57471097850338,3,11.6831
"85",4.00733318523247,3.73766961828337,0,3.3322045101752,0,1.77712
"86",3.40119738166216,5.35185813347607,0,3.66356164612965,0,7.72196
"87",6.2841341610708,4.69134788222914,0,4.44265125649032,7,10.3576
"88",4.97673374242057,4.63472898822964,0,6.4281052726846,13,20.5295
"89",7.434847875212,0,0,5.73009978297357,1,3.71865
"90",1.6094379124341,3.13549421592915,0,1.38629436111989,1,2.97312
"91",0.693147180559945,4.33073334028633,0,2.39789527279837,2,1.56044
"92",3.3322045101752,6.00388706710654,2,5.80814248998044,13,6.85196
"93",0,4.56434819146784,0,2.39789527279837,0,2.56656
"94",7.59940133341582,7.41997992366183,0,6.58617165485467,13,18.208
"95",6.39859493453521,5.76205138278018,2,5.14166355650266,7,12.4581
"96",0,4.15888308335967,0,2.56494935746154,0,4.43166
"97",3.78418963391826,7.44658509915773,0,5.82600010738045,8,15.1921
"98",0,6.47697236288968,1,4.57471097850338,3,11.1198
"99",6.92165818415113,4.45434729625351,0,5.03043792139244,9,17.2562
"100",5.47227067367148,1.6094379124341,0,3.71357206670431,2,4.53091
"101",5.51745289646471,2.39789527279837,0,3.52636052461616,3,11.8519
"102",7.03966034986208,5.50533153593236,0,5.35658627467201,4,5.87009
"103",6.34738920965601,0,0,4.17438726989564,2,8.42497
"104",5.64190707093811,0,0,3.66356164612965,1,8.47144
"105",0,6.7990558620588,0,5.07517381523383,16,15.7896
"106",4.64439089914137,0,0,2.89037175789616,1,0
"107",4.15888308335967,1.09861228866811,0,4.71849887129509,2,10.9041
"108",1.79175946922805,3.8286413964891,1,3.55534806148941,2,3.10682
"109",6.0282785202307,5.11799381241676,0,4.58496747867057,1,16.6473
"110",5.605802066296,3.2188758248682,0,4.12713438504509,1,4.41258
"111",0,6.84481547920826,0,4.79579054559674,7,17.0697
"112",2.30258509299405,4.64439089914137,0,2.484906649788,0,9.36692
"113",4.48863636973214,0,0,2.484906649788,0,6.42599
"114",5.6937321388027,0,0,3.80666248977032,2,9.58809
"115",4.17438726989564,0,1,6.7428806357919,24,28.1851
"116",5.42934562895444,5.67675380226828,0,4.04305126783455,3,5.26723
"117",4.89034912822175,0,0,3.25809653802148,0,4.87416
"118",6.13772705408623,6.52209279817015,0,5.27299955856375,7,11.0027
"119",4.43081679884331,5.8348107370626,0,4.0943445622221,3,4.58578
"120",4.84418708645859,6.48004456192665,0,4.8283137373023,0,4.73464
"121",4.67282883446191,0,1,3.04452243772342,1,1.77712
"122",3.95124371858143,0,0,2.07944154167984,0,3.37663
"123",5.63835466933375,0,0,4.15888308335967,5,10.0245
"124",5.90263333340137,6.3297209055227,0,4.20469261939097,3,7.73771
"125",5.88332238848828,4.06044301054642,1,3.97029191355212,6,11.9634
"126",3.09104245335832,4.29045944114839,0,2.484906649788,2,1.76682
"127",4.82028156560504,0,0,2.70805020110221,0,3.30831
"128",3.87120101090789,3.98898404656427,0,3.2188758248682,1,1.76682
"129",2.94443897916644,3.76120011569356,0,2.30258509299405,1,1.76682
"130",4.64439089914137,0,0,3.09104245335832,0,6.42599
"131",0.693147180559945,6.20859002609663,3,4.27666611901606,3,11.4044
"132",0,4.4188406077966,0,2.484906649788,10,13.6235
"133",1.38629436111989,3.3322045101752,0,2.63905732961526,1,7.47927
"134",2.56494935746154,6.93925394604151,0,5.27811465923052,4,10.137
"135",4.51085950651685,0,0,2.94443897916644,0,1.77712
"136",5.08759633523238,4.38202663467388,0,4.06044301054642,3,5.88907
"137",0,5.37063802812766,0,2.99573227355399,1,8.67904
"138",8.18311807939475,2.99573227355399,6,6.36818718635049,10,14.2492
"139",3.76120011569356,6.58063913728495,0,4.97673374242057,3,3.15241
"140",6.85540879860993,5.27811465923052,1,5.41164605185504,10,24.7436
"141",5.50125821054473,4.26267987704132,0,4.02535169073515,3,10.7641
"142",4.8283137373023,5.75574221358691,0,3.98898404656427,1,0
"143",5.35658627467201,5.89440283426485,0,3.98898404656427,1,10.2628
"144",0,5.88332238848828,0,4.02535169073515,5,16.0268
"145",4.4188406077966,2.94443897916644,0,3.13549421592915,2,3.71677
"146",4.80402104473326,1.38629436111989,0,3.09104245335832,0,3.18664
"147",4.77068462446567,4.7361984483945,0,3.8286413964891,2,10.7189
"148",0,3.93182563272433,1,1.94591014905531,1,0
"149",4.20469261939097,2.77258872223978,0,3.13549421592915,0,6.41569
"150",5.05624580534831,0,1,3.63758615972639,0,7.91391
"151",3.58351893845611,1.38629436111989,0,2.30258509299405,1,3.19695
"152",5.76832099579377,1.38629436111989,0,4.34380542185368,1,3.19189
"153",0,6.66440902035041,0,4.98360662170834,2,3.01668
"154",6.93049476595163,3.78418963391826,1,5.04985600724954,5,10.6231
"155",5.51745289646471,7.14361760270412,2,3.58351893845611,3,2.06344
"156",4.34380542185368,5.74300318780948,0,4.17438726989564,5,14.266
"157",3.98898404656427,0,0,2.30258509299405,0,3.30831
"158",6.77650699237218,7.18235211188526,0,6.26530121273771,20,27.4277
"159",3.95124371858143,0,0,1.38629436111989,1,1.77712
"160",7.44775128004791,5.62762111369064,0,6.03068526026126,1,1.76682
"161",3.29583686600433,4.61512051684126,0,2.484906649788,2,1.56044
"162",5.78996017089725,0.693147180559945,1,3.63758615972639,3,6.80521
"163",5.63121178182137,0,0,4.0943445622221,1,7.57392
"164",5.41164605185504,0.693147180559945,0,3.76120011569356,1,9.53015
"165",6.05443934626937,6.23244801655052,0,5.03043792139244,9,17.2944
"166",5.98141421125448,6.83947643822884,2,5.54517744447956,8,19.8138
"167",4.86753445045558,7.83755436088108,0,6.18001665365257,7,11.5775
"168",4.70953020131233,0,0,2.56494935746154,3,3.82133
"169",2.70805020110221,3.89182029811063,0,2.89037175789616,3,6.95514
"170",8.37562962709445,4.9416424226093,1,6.4723462945009,17,12.9364
"171",4.59511985013459,4.33073334028633,0,3.04452243772342,0,10.2185
"172",3.17805383034795,6.50727771238501,2,4.74493212836325,2,3.17095
"173",8.01234963932779,0,6,6.41999492814714,25,18.4647
"174",0,3.95124371858143,0,2.39789527279837,2,2.71813
"175",6.30261897574491,6.11146733950268,0,5.11799381241676,20,32.4055
"176",6.25575004175337,5.69035945432406,0,4.61512051684126,3,2.84822
"177",4.80402104473326,5.62040086571715,0,3.63758615972639,7,20.1475
"178",4.70048036579242,6.11146733950268,0,4.80402104473326,2,8.67717
"179",6.94408720822953,2.56494935746154,0,5.56068163101553,11,17.0249
"180",3.04452243772342,5.64897423816121,0,4.20469261939097,5,10.786
"181",4.07753744390572,0.693147180559945,0,2.30258509299405,0,3.9513
"182",0,5.48063892334199,0,3.36729582998647,5,12.0117
"183",5.73009978297357,3.93182563272433,0,3.93182563272433,4,10.3419
"184",6.29156913955832,6.26530121273771,0,4.91998092582813,2,1.56044
"185",2.19722457733622,4.11087386417331,0,1.79175946922805,2,2.5349
"186",0.693147180559945,4.44265125649032,0,3.04452243772342,0,6.41569
"187",6.22257626807137,3.55534806148941,0,4.38202663467388,5,10.4273
"188",3.63758615972639,6.29526600143965,0,4.40671924726425,3,2.15793
"189",5.28826703069454,2.56494935746154,0,3.63758615972639,0,3.45817
"190",6.3261494731551,1.6094379124341,1,4.89034912822175,3,10.1212
"191",0,5.23644196282995,0,3.52636052461616,0,4.68802
"192",5.3890717298165,0,0,3.80666248977032,1,6.83528
"193",3.8286413964891,6.56385552653213,0,4.70048036579242,3,10.2902
"194",0,5.6021188208797,0,3.2188758248682,4,5.97024
"195",7.64060382639363,4.34380542185368,1,5.6021188208797,15,17.3217
"196",4.81218435537242,0,0,3.17805383034795,1,12.396
"197",5.37527840768417,0,0,3.3322045101752,2,7.53549
"198",6.25575004175337,1.94591014905531,0,4.17438726989564,3,11.9716
"199",3.80666248977032,7.55642796944025,0,5.92692602597041,4,6.31854
"200",6.16751649088834,0,0,4.48863636973214,0,7.27922
"201",4.4188406077966,7.23849684089437,0,5.63478960316925,3,3.3149
"202",0,6.51471269087253,0,4.36944785246702,1,0
"203",5.36129216570943,6.63331843328038,0,5.44241771052179,3,8.4335
"204",6.18620862390049,0,0,4.57471097850338,0,0
"205",3.85014760171006,4.84418708645859,0,2.99573227355399,1,4.49802
"206",5.36129216570943,6.44413125670044,1,4.94875989037817,5,8.00679
"207",2.94443897916644,5.56452040732269,0,3.61091791264422,2,4.4013
"208",4.29045944114839,5.27811465923052,2,3.73766961828337,1,5.15731
"209",4.84418708645859,2.56494935746154,0,3.78418963391826,0,6.41569
"210",4.79579054559674,1.94591014905531,0,2.83321334405622,2,1.76682
"211",6.54678541076052,0,0,5.01063529409626,3,10.2527
"212",6.12249280951439,0,0,4.7361984483945,5,10.6277
"213",4.59511985013459,5.12989871492307,0,3.43398720448515,2,3.15995
"214",5.73979291217923,5.50533153593236,0,4.4188406077966,2,1.38451
"215",6.0137151560428,1.6094379124341,0,4.52178857704904,1,10.9582
"216",2.99573227355399,3.95124371858143,0,2.94443897916644,1,1.76682
"217",4.89034912822175,5.37063802812766,0,3.8286413964891,2,4.91442
"218",3.61091791264422,5.12989871492307,0,3.29583686600433,0,4.33338
"219",5.47227067367148,6.07993319509559,0,4.93447393313069,8,19.8036
"220",0,4.90527477843843,0,3.09104245335832,0,7.72196
"221",6.39526159811545,5.06259503302697,0,5.16478597392351,1,9.30009
"222",0,6.66695679242921,0,4.96284463025991,0,6.41569
"223",7.99867136101578,1.09861228866811,0,6.18414889093748,12,24.0348
"224",6.53958595561767,4.34380542185368,0,5.30826769740121,4,11.7184
"225",4.65396035015752,3.98898404656427,0,3.25809653802148,2,11.1153
"226",5.84932477994686,6.99117688712121,3,5.64190707093811,12,21.3635
"227",6.06842558824411,3.25809653802148,0,4.11087386417331,3,8.36237
"228",7.99934295271328,0,0,3.3322045101752,1,14.4321
"229",7.00850518208228,7.52833176670725,0,6.52502965784346,24,32.7874
"230",4.29045944114839,0.693147180559945,0,2.39789527279837,0,6.42599
"231",4.95582705760126,0,0,3.25809653802148,1,7.6507
"232",5.73009978297357,0,0,4.18965474202643,5,17.0076
"233",3.36729582998647,3.93182563272433,0,2.30258509299405,0,7.72196
"234",2.99573227355399,4.30406509320417,0,2.484906649788,2,1.76682
"235",5.46806014113513,2.99573227355399,0,3.43398720448515,5,14.0791
"236",0,5.12989871492307,0,2.70805020110221,1,1.76682
"237",1.09861228866811,6.10255859461357,0,3.98898404656427,3,10.4245
"238",4.40671924726425,5.08759633523238,0,3.55534806148941,4,7.44245
"239",6.09356977004514,0,0,4.34380542185368,2,3.27147
"240",4.89783979995091,4.04305126783455,0,3.43398720448515,0,6.61569
"241",4.39444915467244,0,0,2.70805020110221,0,6.41569
"242",0,4.31748811353631,0,2.484906649788,0,4.68802
"243",5.40267738187228,4.33073334028633,0,3.97029191355212,5,14.6314
"244",4.29045944114839,4.78749174278205,0,2.94443897916644,3,8.04434
"245",5.18738580584075,0,0,3.49650756146648,0,6.42599
"246",0,4.17438726989564,0,2.07944154167984,2,1.56044
"247",6.4281052726846,4.55387689160054,1,4.20469261939097,6,8.84204
"248",0,4.14313472639153,0,1.38629436111989,0,4.75414
"249",0.693147180559945,4.17438726989564,0,2.77258872223978,0,4.68802
"250",2.77258872223978,5.01727983681492,0,3.40119738166216,1,7.7645
"251",3.91202300542815,5.16478597392351,0,3.46573590279973,1,1.76682
"252",5.24702407216049,5.15329159449778,0,4.36944785246702,3,4.63681
"253",6.52356230614951,0,0,4.87519732320115,3,7.722
"254",4.00733318523247,5.30826769740121,0,3.68887945411394,3,1.77712
"255",5.76205138278018,0,0,4.38202663467388,0,6.42599
"256",3.80666248977032,2.56494935746154,0,1.38629436111989,2,9.00686
"257",5.38449506278909,0,1,5.32300997913841,2,11.1262
"258",6.04973345523196,7.16394668434255,2,5.77144112313002,3,7.08227
"259",2.30258509299405,5.31811999384422,0,3.61091791264422,2,4.2852
"260",6.62539236800796,0.693147180559945,2,5.28320372873799,5,21.0564
"261",4.54329478227,3.36729582998647,0,3.43398720448515,4,7.08978
"262",6.26909628370626,6.02102334934953,0,4.89034912822175,2,5.13272
"263",4.80402104473326,5.46383180502561,0,4.49980967033027,0,3.17095
"264",3.98898404656427,2.484906649788,0,3.13549421592915,0,8.62632
"265",2.70805020110221,5.40267738187228,0,3.73766961828337,2,15.0796
"266",5.4553211153577,0,0,3.3322045101752,1,1.77712
"267",4.90527477843843,0,0,2.89037175789616,1,1.77712
"268",4.39444915467244,5.15329159449778,1,3.55534806148941,0,7.00075
"269",6.98841318199959,0,0,5.55295958492162,1,3.36633
"270",6.51619307604296,7.84893372636407,0,6.46925031679577,0,5.45209
"271",6.05443934626937,0,0,2.484906649788,4,9.97572
"272",6.36818718635049,5.4249500174814,0,5.03695260241363,13,23.0656
"273",0,5.03043792139244,0,2.39789527279837,0,6.41569
"274",1.6094379124341,5.54126354515843,0,3.55534806148941,0,6.41569
"275",3.25809653802148,5.00394630594546,0,3.52636052461616,13,17.575
"276",6.9985096422506,2.07944154167984,0,5.50533153593236,6,6.60445
"277",2.484906649788,5.24702407216049,0,3.68887945411394,1,1.76682
"278",5.02388052084628,6.2363695902037,0,4.64439089914137,4,4.41258
"279",6.4707995037826,0,0,4.8283137373023,2,4.3792
"280",6.68835471394676,2.484906649788,0,5.2040066870768,17,27.3621
"281",5.73657229747919,3.89182029811063,0,3.78418963391826,1,11.8796
"282",4.92725368515721,4.59511985013459,0,3.43398720448515,1,5.24229
"283",7.11801620446533,7.48549160803075,0,6.4425401664682,27,26.2376
"284",4.35670882668959,5.56068163101553,0,4.39444915467244,1,7.39875
"285",4.36944785246702,5.88610403145016,0,3.91202300542815,5,9.56944
"286",5.66988092298052,4.26267987704132,0,3.93182563272433,2,15.1351
"287",6.17170059741091,1.79175946922805,0,4.45434729625351,3,5.83014
"288",2.77258872223978,3.49650756146648,0,1.94591014905531,2,8.66479
"289",4.52178857704904,5.71373280550937,0,4.60517018598809,3,11.7129
"290",0.693147180559945,5.85793315448346,0,3.97029191355212,5,10.1348
"291",5.46806014113513,6.04973345523196,1,4.53259949315326,4,7.22788
"292",3.40119738166216,5.26269018890489,0,3.36729582998647,4,5.65618
"293",3.52636052461616,5.10594547390058,0,3.66356164612965,1,10.8895
"294",1.79175946922805,6.03548143252476,1,4.24849524204936,6,9.9241
"295",3.76120011569356,4.9416424226093,0,3.25809653802148,1,3.20993
"296",4.82028156560504,5.03695260241363,0,3.93182563272433,2,5.98276
"297",5.60947179518496,4.36944785246702,1,4.35670882668959,1,1.76682
"298",5.53733426701854,0,1,3.3322045101752,1,1.76682
"299",7.02375895473844,7.52402141520612,0,6.4377516497364,14,11.6025
"300",6.34388043412633,5.71702770140622,0,4.84418708645859,5,7.21846
"301",6.04025471127741,3.17805383034795,0,4.35670882668959,4,12.5527
"302",7.17395831975679,3.25809653802148,0,5.68357976733868,18,27.2338
"303",0,7.00488198971286,0,5.19295685089021,2,12.0816
"304",4.46590811865458,2.63905732961526,0,3.46573590279973,1,8.13388
"305",4.59511985013459,7.24136628332232,0,5.82304589548302,19,15.7846
"306",5.73334127689775,3.2188758248682,0,3.97029191355212,2,4.63082
"307",4.87519732320115,4.90527477843843,0,4.23410650459726,1,4.7997
"308",4.69134788222914,5.81413053182507,0,3.91202300542815,3,14.2974
"309",5.97635090929793,5.54126354515843,0,4.52178857704904,4,5.87009
"310",0,6.34212141872115,1,4.68213122712422,3,6.91542
"311",5.08759633523238,0,0,2.39789527279837,0,1.77712
"312",4.66343909411207,1.79175946922805,0,2.83321334405622,1,4.47111
"313",5.05624580534831,4.44265125649032,0,3.93182563272433,0,3.17095
"314",6.82110747225646,1.38629436111989,0,5.37063802812766,2,3.12618
"315",6.3919171133926,0,0,4.56434819146784,9,17.4516
"316",2.30258509299405,6.34388043412633,0,4.74493212836325,2,10.6248
"317",4.02535169073515,0,0,2.30258509299405,0,3.30831
"318",0,5.84932477994686,1,4.07753744390572,2,7.17242
"319",5.46383180502561,0,2,3.40119738166216,4,5.05091
"320",7.7510451179718,2.89037175789616,1,6.11589212548303,4,8.61553
"321",4.969813299576,3.73766961828337,0,3.66356164612965,1,1.76682
"322",5.33271879326537,5.15905529921453,0,3.95124371858143,1,0
"323",0,5.4553211153577,0,3.09104245335832,2,12.9417
"324",3.49650756146648,5.11799381241676,0,3.13549421592915,1,0
"325",6.36990098282823,5.44673737166631,1,4.969813299576,7,25.2449
"326",0,5.76519110278484,0,3.66356164612965,1,10.9524
"327",2.07944154167984,2.70805020110221,1,1.38629436111989,1,4.02695
"328",5.76519110278484,0,0,4.30406509320417,1,9.5123
"329",7.46737106691756,5.68017260901707,1,6.02344759296103,13,26.3437
"330",3.98898404656427,0,0,1.94591014905531,1,1.50465
"331",3.91202300542815,2.19722457733622,0,1.38629436111989,1,1.77712
"332",3.3322045101752,0,0,1.94591014905531,1,1.77712
"333",1.79175946922805,4.89034912822175,0,3.09104245335832,1,3.05459
"334",4.4188406077966,3.76120011569356,0,3.93182563272433,1,4.30172
"335",5.91620206260743,0,1,1.94591014905531,19,12.4057
"336",4.54329478227,2.89037175789616,0,2.77258872223978,1,3.18664
"337",0.693147180559945,6.37672694789863,0,4.57471097850338,4,5.02919
"338",6.39526159811545,2.77258872223978,0,4.67282883446191,6,22.588
"339",5.47646355193151,6.74523634948436,0,5.24174701505964,8,19.4361
"340",2.19722457733622,4.31748811353631,0,2.39789527279837,0,4.64887
"341",0,4.26267987704132,0,2.484906649788,0,6.18007
"342",4.29045944114839,0,0,2.30258509299405,1,3.18664
"343",0,4.52178857704904,0,3.91202300542815,1,4.57263
"344",4.78749174278205,3.73766961828337,0,3.49650756146648,1,6.30121
"345",0,6.08904487544685,0,3.98898404656427,0,1.76682
"346",5.63478960316925,5.29330482472449,0,4.77912349311153,4,16.1061
"347",5.83773044716594,1.94591014905531,1,4.47733681447821,2,4.79899
"348",0,6.5424719605068,0,4.79579054559674,3,5.02919
"349",4.78749174278205,0,0,3.2188758248682,0,5.35698
"350",0,4.82028156560504,0,2.83321334405622,2,11.7134
"351",6.66949808985788,7.59488438721652,2,6.26149168432104,35,34.5185
"352",5.92157841964382,2.07944154167984,0,4.18965474202643,3,11.9189
"353",4.81218435537242,0,0,3.17805383034795,4,9.66991
"354",6.44730586254121,0,0,4.91998092582813,6,13.2632
"355",0.693147180559945,3.85014760171006,0,1.38629436111989,2,2.5349
"356",6.41017488196617,0,1,4.74493212836325,7,7.25623
"357",0,6.62007320653036,0,4.71849887129509,6,8.42705
"358",3.91202300542815,5.48479693349065,0,3.98898404656427,2,5.02919
"359",8.40559101483493,4.38202663467388,4,6.77650699237218,40,37.6698
"360",4.59511985013459,5.74939298590825,0,4.4188406077966,5,14.001
"361",5.25749537202778,6.29341927884648,1,4.69134788222914,2,11.1725
"362",5.01063529409626,8.22977775008189,0,6.39692965521615,2,1.38451
"363",0,4.52178857704904,0,2.77258872223978,2,3.1496
"364",4.46590811865458,0,0,2.56494935746154,1,4.50833
"365",3.13549421592915,6.06378520868761,0,4.12713438504509,6,23.6028
"366",4.54329478227,6.19031540585315,0,4.67282883446191,5,15.4609
"367",6.91869521902047,0,0,5.26785815906333,3,8.50408
"368",1.6094379124341,5.61312810638807,0,3.09104245335832,4,10.7594
"369",5.06259503302697,3.8286413964891,0,3.49650756146648,4,10.5501
"370",5.70711026474888,6.73101810048208,0,5.27811465923052,0,4.76964
"371",4.86753445045558,6.70563909486,0,5.09375020080676,5,12.713
"372",5.70044357339069,0,0,4.02535169073515,1,4.31202
"373",4.31748811353631,0,0,3.2188758248682,1,3.19189
"374",0,5.4249500174814,0,3.78418963391826,0,7.2787
"375",5.48063892334199,0,0,3.3322045101752,1,9.64564
"376",2.484906649788,3.3322045101752,0,0,2,8.00589
"377",6.70563909486,4.61512051684126,1,5.19295685089021,5,11.0132
"378",0,5.37989735354046,0,3.89182029811063,11,10.5919
"379",6.46925031679577,7.23705902612474,0,5.96100533962327,6,9.50088
"380",4.82028156560504,6.10255859461357,0,4.47733681447821,3,10.3881
"381",0,5.50533153593236,0,3.80666248977032,6,7.69368
"382",6.880384082186,5.62762111369064,0,5.27299955856375,1,4.41258
"383",5.32300997913841,5.49306144334055,0,4.47733681447821,5,7.96788
"384",6.16331480403464,0,0,4.51085950651685,3,9.95543
"385",5.25227342804663,3.58351893845611,0,3.43398720448515,1,12.5339
"386",5.31811999384422,6.05208916892442,0,4.65396035015752,5,15.9552
"387",4.18965474202643,0,0,2.30258509299405,0,3.30831
"388",4.94875989037817,4.49980967033027,0,3.36729582998647,1,0
"389",0,6.29526600143965,0,4.68213122712422,1,9.56428
"390",4.40671924726425,3.68887945411394,0,2.77258872223978,1,10.8518
"391",5.44673737166631,7.20934025660291,0,5.45958551414416,16,31.5637
"392",7.06561336359772,0,2,5.57972982598622,3,4.23308
"393",6.06610809010375,2.56494935746154,0,4.62497281328427,0,4.50833
"394",5.58724865840025,0,0,4.0943445622221,1,0
"395",6.88346258641309,0,0,4.99043258677874,5,11.0213
"396",6.55677835615804,0,0,4.38202663467388,5,12.6078
"397",6.16331480403464,0,0,4.33073334028633,1,4.41258
"398",7.33498187887181,4.43081679884331,1,5.64190707093811,8,13.0943
"399",5.80513496891649,5.96870755998537,1,4.89783979995091,1,1.76682
"400",5.64190707093811,1.6094379124341,0,4.15888308335967,5,9.08201
"401",5.23644196282995,4.36944785246702,0,4.07753744390572,3,11.7919
"402",6.70073110954781,0,0,4.52178857704904,5,9.06318
"403",5.77144112313002,1.79175946922805,0,3.43398720448515,1,4.41258
"404",1.09861228866811,7.0057890192535,1,5.18738580584075,6,10.193
"405",6.7696419768525,1.79175946922805,0,5.47646355193151,0,6.41569
"406",6.7428806357919,2.484906649788,1,5.27811465923052,11,22.1232
"407",5.08140436498446,4.24849524204936,0,3.97029191355212,6,5.42268
"408",6.89972310728487,5.4971682252932,1,5.10594547390058,15,17.5007
"409",5.52942908751142,0,1,3.98898404656427,10,17.039
"410",5.87773578177964,7.72090525193678,0,6.25575004175337,17,21.326
"411",0,4.17438726989564,0,2.07944154167984,0,6.41569
"412",6.65027904858742,0,0,4.8283137373023,1,4.6939
"413",5.72358510195238,0,0,4.02535169073515,0,10.2088
"414",5.35658627467201,0,0,3.91202300542815,3,3.82071
"415",7.33302301438648,1.94591014905531,0,5.67332326717149,9,10.2464
"416",3.97029191355212,0,0,1.38629436111989,1,1.77712
"417",0,5.06259503302697,0,2.94443897916644,2,9.23472
"418",2.89037175789616,6.56244409369372,0,4.95582705760126,7,19.7652
"419",5.40267738187228,2.70805020110221,0,3.40119738166216,1,3.23696
"420",4.85203026391962,6.15697898558556,0,4.74493212836325,1,1.76682
"421",0,4.70953020131233,0,3.17805383034795,2,4.57426
"422",4.54329478227,3.3322045101752,0,2.39789527279837,1,0
"423",4.69134788222914,5.36129216570943,0,3.95124371858143,0,3.26332
"424",5.89164421182577,4.24849524204936,0,4.54329478227,2,6.12275
"425",3.49650756146648,4.94875989037817,0,3.66356164612965,0,9.31549
"426",2.63905732961526,6.9177056098353,0,5.28320372873799,5,18.7155
"427",5.47227067367148,0,0,3.52636052461616,0,7.80551
"428",6.20455776256869,5.04342511691925,1,4.72738781871234,2,6.08968
"429",5.52545293913178,0,0,3.73766961828337,0,5.4727
"430",5.93753620508243,1.09861228866811,0,4.40671924726425,1,3.8069
"431",4.12713438504509,1.79175946922805,0,2.39789527279837,0,7.00075
"432",5.43372200355424,1.09861228866811,0,3.40119738166216,1,3.8069
"433",3.66356164612965,4.67282883446191,0,2.56494935746154,0,17.842
"434",0,5.00394630594546,0,3.04452243772342,2,3.1496
"435",2.70805020110221,7.14361760270412,0,5.62762111369064,2,8.51102
"436",7.00215595440362,3.17805383034795,0,5.25749537202778,0,8.14056
"437",3.49650756146648,7.10002716662926,1,5.4553211153577,4,9.57998
"438",3.63758615972639,4.31748811353631,0,3.17805383034795,1,3.20019
"439",0,5.01727983681492,0,2.94443897916644,1,8.04434
"440",0,4.4188406077966,0,2.39789527279837,0,4.64887
"441",5.41610040220442,5.4553211153577,1,4.00733318523247,4,13.9484
"442",4.21950770517611,0,0,2.07944154167984,0,7.95718
"443",1.6094379124341,4.95582705760126,0,2.94443897916644,1,7.47927
"444",6.27476202124194,0,0,4.06044301054642,0,6.26191
"445",0,5.73334127689775,0,4.21950770517611,3,4.82617
"446",3.93182563272433,3.29583686600433,0,2.89037175789616,2,1.56044
"447",0,5.37989735354046,0,3.3322045101752,4,11.0669
"448",6.13339804299665,3.2188758248682,0,4.30406509320417,3,16.6139
"449",0,3.52636052461616,0,2.07944154167984,1,5.65358
"450",5.14166355650266,4.11087386417331,0,3.97029191355212,1,1.76682
"451",5.11799381241676,3.91202300542815,1,3.49650756146648,3,16.6315
"452",5.91350300563827,5.36597601502185,0,4.67282883446191,1,3.2591
"453",6.36302810354046,6.29710931993394,0,5.13579843705026,2,4.36826
"454",5.85507192220243,5.01727983681492,1,4.46590811865458,2,12.7082
"455",6.41836493593621,2.56494935746154,0,4.88280192258637,2,8.45689
"456",0,5.06890420222023,0,3.46573590279973,0,5.97053
"457",5.46383180502561,4.18965474202643,0,4.12713438504509,1,0
"458",5.22035582507832,0,0,3.80666248977032,5,13.2919
"459",5.07517381523383,5.72031177660741,0,4.48863636973214,0,8.62288
"460",4.47733681447821,5.03043792139244,0,3.40119738166216,2,1.56044
"461",1.79175946922805,4.07753744390572,0,2.07944154167984,0,6.41569
"462",0,5.2257466737132,0,3.43398720448515,1,1.76682
"463",6.24804287450843,0,0,4.49980967033027,3,13.6128
"464",5.28826703069454,1.09861228866811,0,3.13549421592915,2,4.77591
"465",3.49650756146648,2.30258509299405,0,2.30258509299405,0,3.10486
"466",5.63835466933375,5.97888576490112,0,4.76217393479776,3,7.7065
"467",1.94591014905531,3.8286413964891,0,1.94591014905531,2,2.90397
"468",5.06890420222023,0,0,3.40119738166216,2,3.12148
"469",6.0913098820777,6.80682936039218,1,5.29330482472449,12,19.6298
"470",4.66343909411207,0,0,3.17805383034795,1,7.23217
"471",0,4.43081679884331,0,2.39789527279837,1,1.76682
"472",4.81218435537242,5.52545293913178,0,4.26267987704132,5,8.77144
"473",7.0647590277918,4.36944785246702,2,5.48893772615669,10,23.0493
"474",6.62140565176413,4.99721227376411,1,5.01063529409626,7,17.3959
"475",6.19440539110467,7.08422642209792,0,5.96870755998537,0,6.94415
"476",0,7.65728279297819,2,5.11198778835654,2,1.42715
"477",5.5834963087817,6.75227037614174,1,5.29831736654804,20,20.29
"478",7.04490511712937,5.64897423816121,2,5.82600010738045,28,31.2801
"479",5.57215403217776,3.09104245335832,0,3.71357206670431,3,9.15622
"480",3.98898404656427,3.66356164612965,0,3.17805383034795,0,4.8313
"481",7.434847875212,6.08904487544685,0,6.01126717440416,5,6.83071
"482",0,6.66185474054531,0,4.51085950651685,8,10.2283
"483",0,6.01615715969835,0,3.97029191355212,2,1.39536
"484",5.96100533962327,7.16472037877186,0,5.74939298590825,9,7.28484
"485",5.18178355029209,6.93634273583405,0,5.31320597904179,4,16.789
"486",0,5.15905529921453,0,3.29583686600433,3,9.23472
"487",3.25809653802148,4.70953020131233,0,2.484906649788,3,7.2298
"488",3.04452243772342,6.02344759296103,0,4.15888308335967,5,15.3807
"489",5.18738580584075,6.03787091992214,0,3.73766961828337,11,20.9156
"490",5.75890177387728,0,0,3.36729582998647,2,7.2288
"491",6.71295620067707,0,0,5.13579843705026,1,8.02724
"492",6.18208490671663,0,0,4.7361984483945,3,3.83668
"493",4.49980967033027,0,0,2.99573227355399,1,6.41247
"494",3.76120011569356,6.18001665365257,0,4.4188406077966,5,16.9705
"495",4.98360662170834,4.62497281328427,0,3.95124371858143,0,6.42599
"496",7.04141166379481,0,2,5.2257466737132,14,29.9939
"497",5.48893772615669,5.65599181081985,0,4.35670882668959,1,3.00782
"498",6.11809719804135,1.38629436111989,1,4.43081679884331,4,11.9584
"499",0,4.57471097850338,0,2.39789527279837,1,0
"500",1.6094379124341,4.38202663467388,0,2.39789527279837,2,1.56044
"501",6.04500531403601,0,0,5.15905529921453,7,18.4852
"502",4.89783979995091,6.67708346124714,1,4.7361984483945,12,19.2402
"503",0,6.41673228251233,0,4.69134788222914,1,4.56477
"504",0,6.69332366826995,0,4.99721227376411,2,5.02919
"505",5.17614973257383,6.11589212548303,0,5.17614973257383,0,4.18914
"506",3.87120101090789,2.39789527279837,0,1.6094379124341,1,3.17625
"507",0,5.16478597392351,0,3.49650756146648,1,7.47927
"508",6.89568269774787,1.38629436111989,0,5.35185813347607,5,11.3454
"509",5.70711026474888,7.24136628332232,0,5.90263333340137,22,17.1453
"510",5.39362754635236,4.35670882668959,0,6.30809844150953,19,36.1864
"511",3.25809653802148,4.69134788222914,0,3.43398720448515,0,3.11166
"512",3.66356164612965,4.95582705760126,0,3.3322045101752,2,3.13086
"513",6.59030104819669,7.29233717617388,0,5.96100533962327,13,12.3564
"514",6.1779441140506,5.88887795833288,0,5.05624580534831,8,14.7298
"515",7.29979736675816,4.94875989037817,3,5.86078622346587,10,23.6105
"516",5.08759633523238,0,0,3.43398720448515,1,8.07975
"517",3.09104245335832,3.40119738166216,0,2.39789527279837,0,0
"518",0,5.8636311755981,0,3.78418963391826,2,10.6096
"519",3.95124371858143,6.99301512293296,1,5.08140436498446,5,17.9064
"520",5.15905529921453,5.35658627467201,0,4.27666611901606,3,6.08326
"521",4.59511985013459,5.62401750618734,0,4.0943445622221,7,4.41258
"522",1.94591014905531,4.71849887129509,0,2.63905732961526,0,4.33338
"523",4.4188406077966,2.94443897916644,0,2.39789527279837,1,4.41258
"524",0,5.50533153593236,0,3.3322045101752,1,0
"525",5.73979291217923,0,0,3.8286413964891,2,6.31552
"526",1.79175946922805,5.18178355029209,0,3.55534806148941,0,6.79305
"527",4.99043258677874,4.46590811865458,0,4.76217393479776,3,9.70651
"528",7.05875815251866,2.19722457733622,4,0,42,35.8788
"529",4.69134788222914,6.50279004591562,0,4.78749174278205,8,13.4381
"530",4.30406509320417,0,0,2.70805020110221,4,9.97572
"531",5.59471137960184,0,1,3.40119738166216,2,4.19546
"532",6.43615036836943,5.8111409929767,0,5.14166355650266,4,12.6913
"533",0,6.05208916892442,0,4.47733681447821,2,9.5467
"534",4.33073334028633,4.30406509320417,0,2.99573227355399,1,5.99576
"535",7.58426481838906,5.29330482472449,0,6.05443934626937,1,1.76682
"536",4.84418708645859,5.85507192220243,0,4.45434729625351,5,12.2832
"537",7.32778053842163,0,0,3.36729582998647,2,9.90134
"538",0,5.97888576490112,0,3.91202300542815,2,9.33423
"539",5.33271879326537,3.97029191355212,0,3.66356164612965,0,9.95198
"540",5.5834963087817,4.06044301054642,0,3.95124371858143,2,12.3495
"541",5.65599181081985,6.62936325343745,0,5.28826703069454,5,9.89425
"542",4.56434819146784,6.50279004591562,1,4.99043258677874,0,4.43166
"543",0,3.40119738166216,0,1.38629436111989,0,5.63928
"544",0,5.95842469302978,0,3.97029191355212,4,10.7325
"545",6.47543271670409,0,0,4.91265488573605,5,14.5908
"546",1.09861228866811,5.4553211153577,0,3.49650756146648,1,2.97312
"547",4.61512051684126,0,0,2.89037175789616,1,2.97312
"548",4.8283137373023,0,0,3.25809653802148,1,9.53614
"549",4.4188406077966,2.89037175789616,0,2.94443897916644,1,2.91017
"550",4.53259949315326,5.83773044716594,0,4.23410650459726,0,4.33338
"551",5.67675380226828,4.00733318523247,0,4.75359019110636,0,3.36633
"552",4.53259949315326,4.53259949315326,0,3.8286413964891,1,3.05459
"553",0,6.3261494731551,0,4.27666611901606,7,14.5859
"554",4.38202663467388,4.40671924726425,0,3.3322045101752,2,3.18918
"555",5.91079664404053,5.46806014113513,0,4.36944785246702,3,2.84822
"556",5.28826703069454,5.08140436498446,0,4.24849524204936,1,2.6367
"557",0,6.45204895443723,0,4.35670882668959,1,0
"558",6.32256523992728,7.52725591937378,1,5.91350300563827,32,28.2531
"559",4.39444915467244,6.4118182677099,0,4.79579054559674,1,7.56943
"560",7.94767857130157,0,0,6.26530121273771,20,25.1717
"561",2.30258509299405,5.70711026474888,0,4.18965474202643,2,7.38689
"562",5.32300997913841,0,0,3.8286413964891,3,10.9347
"563",5.5834963087817,5.47646355193151,0,4.11087386417331,3,2.84822
"564",3.52636052461616,3.71357206670431,0,2.19722457733622,0,6.41569
"565",5.9427993751267,2.30258509299405,0,4.0943445622221,4,6.84217
"566",0,5.48479693349065,0,3.63758615972639,1,1.76682
"567",6.51471269087253,6.30261897574491,0,5.10594547390058,3,7.34746
"568",6.46769872610435,7.71779621101358,5,6.07993319509559,15,24.0899
"569",6.49375383985169,0.693147180559945,0,4.34380542185368,3,9.58427
"570",5.48479693349065,5.04342511691925,0,4.40671924726425,5,5.63729
"571",5.52545293913178,5.20948615284142,0,4.53259949315326,0,6.41569
"572",4.46590811865458,7.80547462527086,1,6.1527326947041,3,5.38037
"573",5.02388052084628,5.69035945432406,0,4.21950770517611,3,11.2074
"574",0,4.52178857704904,0,2.07944154167984,0,1.76682
"575",0,6.02344759296103,0,4.15888308335967,2,3.1764
"576",2.39789527279837,5.27811465923052,0,3.2188758248682,5,17.5389
"577",2.89037175789616,4.60517018598809,0,1.79175946922805,0,6.28027
"578",6.27664348934164,4.89034912822175,0,4.80402104473326,10,17.5231
"579",4.06044301054642,2.94443897916644,0,2.56494935746154,1,1.76682
"580",5.39816270151775,0.693147180559945,0,2.70805020110221,3,13.8167
"581",0,4.85203026391962,0,2.77258872223978,1,8.934
"582",7.74716496652033,3.29583686600433,1,5.93224518744801,1,1.77712
"583",4.04305126783455,6.22851100359118,0,4.68213122712422,1,1.76682
"584",5.40717177146012,5.42934562895444,0,4.06044301054642,9,21.1016
"585",4.51085950651685,2.07944154167984,0,2.99573227355399,0,3.18664
"586",1.09861228866811,4.57471097850338,0,2.39789527279837,0,4.64887
"587",6.63200177739563,3.73766961828337,1,5.08140436498446,3,13.6058
"588",3.78418963391826,5.32787616878958,0,3.76120011569356,0,6.41569
"589",0,5.2257466737132,0,3.52636052461616,2,8.90433
"590",6.06842558824411,5.99893656194668,0,4.52178857704904,3,2.84822
"591",5.19849703126583,0,0,3.63758615972639,5,5.77253
"592",0,6.13339804299665,0,4.27666611901606,2,5.02919
"593",4.44265125649032,6.54391184556479,0,4.8283137373023,4,14.1689
"594",6.2709884318583,3.46573590279973,0,4.57471097850338,3,6.70338
"595",4.04305126783455,2.83321334405622,0,2.56494935746154,0,2.95101
"596",2.70805020110221,7.72090525193678,0,5.68017260901707,6,10.8989
"597",4.20469261939097,2.94443897916644,0,2.63905732961526,0,5.33086
"598",2.83321334405622,4.89034912822175,0,3.2188758248682,1,3.36633
"599",0,5.39816270151775,0,3.52636052461616,1,10.731
"600",4.23410650459726,5.69035945432406,0,4.29045944114839,6,10.8049
"601",3.71357206670431,5.67675380226828,0,3.85014760171006,0,5.36933
"602",5.73979291217923,0,0,4.33073334028633,3,12.1216
"603",5.92157841964382,5.6021188208797,0,4.26267987704132,3,2.84822
"604",5.62762111369064,0,1,4.23410650459726,2,9.57359
"605",3.46573590279973,5.00394630594546,0,3.3322045101752,1,1.76682
"606",0,5.47646355193151,0,3.87120101090789,1,6.59546
"607",5.41610040220442,4.27666611901606,0,3.43398720448515,1,4.41258
"608",0,6.0282785202307,0,4.12713438504509,3,6.05686
"609",7.53476265703754,0,0,5.40717177146012,8,12.7295
"610",7.35115822643069,6.55250788703459,0,4.99721227376411,6,7.03016
"611",5.80814248998044,3.63758615972639,0,3.8286413964891,2,9.06916
"612",2.99573227355399,4.7361984483945,1,3.04452243772342,2,12.4285
"613",4.48863636973214,4.52178857704904,0,3.36729582998647,4,17.5178
"614",5.2040066870768,4.75359019110636,0,4.30406509320417,2,6.15544
"615",3.95124371858143,5.98141421125448,1,4.07753744390572,3,10.9039
"616",3.66356164612965,4.29045944114839,0,2.30258509299405,0,1.76682
"617",0,5.47646355193151,0,3.36729582998647,3,9.20458
"618",5.18738580584075,5.69035945432406,0,3.40119738166216,4,7.20709
"619",5.73657229747919,2.70805020110221,0,4.0943445622221,4,5.25839
"620",6.40522845803084,0,0,4.58496747867057,1,4.41258
"621",5.0998664278242,4.17438726989564,0,4.00733318523247,0,6.41569
"622",6.89467003943348,5.18738580584075,0,5.33753807970132,1,0
"623",7.24779258176785,7.60190195987517,0,6.13556489108174,8,3.81443
"624",4.53259949315326,1.38629436111989,1,2.484906649788,3,10.9403
"625",4.68213122712422,6.45990445437753,2,4.49980967033027,3,11.4311
"626",5.77765232322266,3.43398720448515,0,4.14313472639153,1,9.09107
"627",5.71702770140622,6.12686918411419,0,5.05624580534831,2,10.2788
"628",5.80513496891649,3.76120011569356,0,4.07753744390572,0,5.72876
"629",3.43398720448515,5.32300997913841,0,5.92157841964382,8,18.1407
"630",4.80402104473326,0,0,2.19722457733622,1,9.53614
"631",0,4.98360662170834,0,2.99573227355399,0,11.7532
"632",7.36327958696304,0,0,5.44241771052179,4,10.571
"633",5.95324333428778,4.56434819146784,0,4.66343909411207,3,7.67578
"634",7.32778053842163,0,2,5.35185813347607,20,22.4197
"635",0,4.96284463025991,0,3.04452243772342,2,4.87697
"636",2.77258872223978,5.65948221575962,0,3.80666248977032,2,9.31549
"637",6.94022246911964,5.39362754635236,0,5.63121178182137,11,18.222
"638",3.36729582998647,6.15485809401642,1,4.48863636973214,3,8.97676
"639",5.42934562895444,5.00394630594546,0,4.44265125649032,4,12.178
"640",0,4.72738781871234,0,2.39789527279837,2,3.15995
"641",5.16478597392351,6.87005341179813,0,5.35185813347607,10,21.4513
"642",4.70953020131233,0,0,2.89037175789616,1,1.76682
"643",6.28226674689601,0,0,4.59511985013459,2,6.19566
"644",5.64190707093811,0,0,3.46573590279973,1,1.76682
"645",5.47646355193151,0,0,3.78418963391826,3,5.01058
"646",0,4.59511985013459,0,3.13549421592915,0,4.78875
"647",4.53259949315326,4.70953020131233,0,3.8286413964891,1,1.76682
"648",4.98360662170834,6.19440539110467,0,4.4188406077966,6,11.8849
"649",0,4.8283137373023,1,3.2188758248682,1,7.47927
"650",5.6970934865054,7.07834157955767,0,5.54517744447956,9,14.3803
"651",5.88610403145016,5.86078622346587,0,4.61512051684126,4,5.95836
"652",6.91671502035361,4.12713438504509,0,5.23644196282995,10,17.9368
"653",4.79579054559674,4.64439089914137,0,3.3322045101752,2,1.38451
"654",5.16478597392351,2.83321334405622,0,3.89182029811063,1,5.98276
"655",6.7093043402583,0,0,5.05624580534831,3,11.9472
"656",4.27666611901606,4.70953020131233,0,3.43398720448515,0,3.96663
"657",2.19722457733622,5.89164421182577,0,3.73766961828337,2,16.1857
"658",6.12029741895095,1.09861228866811,2,4.43081679884331,2,6.02605
"659",4.79579054559674,3.52636052461616,0,2.89037175789616,2,9.06665
"660",5.18178355029209,6.25958146406492,0,4.60517018598809,1,4.91442
"661",2.19722457733622,3.71357206670431,0,2.56494935746154,0,7.38593
"662",1.94591014905531,2.83321334405622,1,1.38629436111989,1,6.42966
"663",5.53338948872752,6.56244409369372,0,5.29831736654804,11,19.8234
"664",6.77764659363512,7.14282740116162,0,6.21860011969173,13,19.4569
"665",5.12396397940326,5.82600010738045,0,4.75359019110636,0,5.36933
"666",4.92725368515721,4.55387689160054,0,3.52636052461616,0,6.41569
"667",4.02535169073515,5.55682806169954,0,3.93182563272433,4,11.6615
"668",0.693147180559945,5.97635090929793,0,3.52636052461616,1,9.02416
"669",3.17805383034795,6.37161184723186,0,4.82028156560504,3,11.2037
"670",6.92461239604856,0,0,4.77912349311153,19,18.2366
"671",0,5.39362754635236,0,3.3322045101752,5,6.82195
"672",4.27666611901606,0,0,2.56494935746154,1,1.76682
"673",5.73334127689775,3.13549421592915,0,4.36944785246702,1,9.74272
"674",0,4.91265488573605,0,3.09104245335832,1,3.36633
"675",5.29831736654804,3.73766961828337,0,4.17438726989564,2,10.231
"676",5.52146091786225,0,0,4.07753744390572,6,5.96006
"677",3.85014760171006,0,0,2.63905732961526,0,6.41569
"678",3.68887945411394,5.60947179518496,0,4.24849524204936,3,5.7361
"679",5.49306144334055,4.30406509320417,0,4.38202663467388,6,14.7861
"680",0,5.90263333340137,0,3.8286413964891,4,11.602
"681",3.66356164612965,4.07753744390572,0,3.25809653802148,1,0
"682",4.52178857704904,5.57594910314632,0,4.07753744390572,4,12.307
"683",1.79175946922805,3.40119738166216,0,2.30258509299405,0,6.41569
"684",4.72738781871234,1.38629436111989,0,2.77258872223978,0,3.30831
"685",0,5.47646355193151,0,3.80666248977032,0,6.41569
"686",6.26909628370626,3.3322045101752,1,4.64439089914137,2,8.22594
"687",6.04263283368238,5.24702407216049,0,2.83321334405622,4,8.29798
"688",5.20948615284142,5.13579843705026,0,4.11087386417331,4,5.74149
"689",3.40119738166216,4.64439089914137,0,3.13549421592915,2,3.18664
"690",5.77144112313002,3.91202300542815,0,4.0943445622221,2,5.74856
"691",3.04452243772342,5.01063529409626,0,3.55534806148941,1,5.02919
"692",7.14045304310116,7.25770767716004,0,6.33682573114644,22,31.2057
"693",4.36944785246702,4.79579054559674,0,3.55534806148941,3,5.02919
"694",0,6.61873898351722,0,4.91998092582813,1,4.77474
"695",5.04985600724954,6.35262939631957,0,4.74493212836325,5,5.02919
"696",6.67959918584438,6.41017488196617,0,5.18178355029209,4,5.80709
"697",6.01126717440416,0,0,4.52178857704904,1,7.56276
"698",2.89037175789616,6.8001700683022,0,5.34233425196481,5,12.5792
"699",4.78749174278205,4.4188406077966,0,3.73766961828337,1,1.76682
"700",3.04452243772342,6.97354301952014,0,5.25749537202778,6,13.1504
"701",4.98360662170834,5.35185813347607,0,3.98898404656427,2,2.97312
"702",5.69035945432406,8.32020459757888,0,6.7202201551353,10,6.59762
"703",4.55387689160054,1.09861228866811,0,2.99573227355399,1,3.05459
"704",5.99396142730657,0,3,4.45434729625351,7,10.7326
"705",1.94591014905531,6.82762923450285,0,5.15905529921453,2,11.6158
"706",4.00733318523247,3.43398720448515,0,2.99573227355399,0,4.59691
"707",5.30826769740121,0,0,3.61091791264422,0,6.04232
"708",6.10255859461357,7.64730883235624,0,2.56494935746154,2,7.63517
"709",3.46573590279973,4.69134788222914,0,2.56494935746154,2,1.56044
"710",6.70073110954781,5.76519110278484,0,4.58496747867057,1,4.41258
"711",0,6.69208374250663,0,4.82028156560504,19,14.5398
"712",7.84776253747361,0,0,6.0913098820777,27,23.5046
"713",5.6937321388027,0,0,5.19849703126583,7,14.6883
"714",7.97143099776935,5.66642668811243,0,5.96870755998537,2,12.3915
"715",5.03043792139244,3.76120011569356,1,2.77258872223978,0,3.17013
"716",0,5.95583736946483,0,4.14313472639153,2,3.0616
"717",5.68017260901707,0,0,3.40119738166216,1,4.41258
"718",1.6094379124341,4.57471097850338,0,3.09104245335832,2,8.88385
"719",0,4.39444915467244,0,2.39789527279837,0,4.64887
"720",0,6.10255859461357,0,4.38202663467388,3,14.8927
"721",7.26752542782817,3.98898404656427,0,5.56452040732269,7,9.65979
"722",4.88280192258637,5.00394630594546,1,3.61091791264422,1,11.4216
"723",2.99573227355399,3.8286413964891,0,0,3,5.89435
"724",4.99043258677874,3.91202300542815,0,3.3322045101752,10,18.9709
"725",0,5.50125821054473,0,3.68887945411394,4,11.9006
"726",4.59511985013459,2.19722457733622,0,3.8286413964891,1,1.76682
"727",2.89037175789616,7.15539630189673,0,5.23110861685459,3,2.53371
"728",4.18965474202643,4.44265125649032,0,3.29583686600433,1,6.30121
"729",0,4.43081679884331,0,2.30258509299405,0,6.41569
"730",5.31320597904179,4.4188406077966,0,4.0943445622221,0,6.90569
"731",7.4205789054108,0,0,5.8406416573734,17,31.5124
"732",0,4.0943445622221,0,2.39789527279837,0,1.77712
"733",4.48863636973214,6.53813982376767,0,5.17614973257383,0,4.75414
"734",7.49831587076698,4.06044301054642,0,6.08904487544685,7,21.0274
"735",4.79579054559674,4.14313472639153,0,2.83321334405622,2,4.69129
"736",0,6.12686918411419,0,4.21950770517611,6,10.2582
"737",5.53733426701854,5.74620319054015,0,4.82028156560504,3,4.46612
"738",3.43398720448515,0,0,2.30258509299405,1,5.82553
"739",5.55682806169954,5.19295685089021,0,4.23410650459726,7,6.75539
"740",4.43081679884331,2.56494935746154,0,2.83321334405622,0,3.18664
"741",7.71423114484909,4.35670882668959,0,5.96100533962327,3,3.18918
"742",5.90808293816893,0,0,4.4188406077966,1,12.2071
"743",5.16478597392351,5.5834963087817,0,3.25809653802148,0,3.17095
"744",4.61512051684126,1.6094379124341,0,2.99573227355399,1,2.91017
"745",1.09861228866811,4.44265125649032,0,2.30258509299405,1,2.97312
"746",5.72358510195238,6.69826805411541,0,4.99721227376411,2,4.38535
"747",6.4281052726846,0,0,4.65396035015752,3,6.45747
"748",6.31716468674728,4.48863636973214,0,4.92725368515721,2,3.28852
"749",2.94443897916644,2.30258509299405,0,1.38629436111989,1,5.98276
"750",0.693147180559945,6.29894924685594,0,4.56434819146784,8,17.5143
"751",5.47646355193151,5.4971682252932,0,4.27666611901606,4,14.7948
"752",3.8286413964891,0,0,2.94443897916644,3,4.56949
"753",4.49980967033027,0,0,2.77258872223978,0,3.30831
"754",0,5.73657229747919,0,4.06044301054642,1,1.76682
"755",4.14313472639153,0,0,2.19722457733622,0,6.42599
"756",5.83773044716594,0,0,4.24849524204936,6,11.1884
"757",4.02535169073515,6.44888939414686,0,5.00394630594546,4,10.548
"758",0.693147180559945,4.91998092582813,0,2.07944154167984,1,1.76682
"759",4.76217393479776,4.4188406077966,0,3.58351893845611,5,4.69981
"760",5.04342511691925,6.19031540585315,0,4.63472898822964,3,15.1891
"761",3.76120011569356,5.26269018890489,0,3.78418963391826,2,10.2622
"762",0,6.30627528694802,0,4.40671924726425,13,14.5398
"763",6.06842558824411,6.49223983502047,0,4.62497281328427,16,30.6794
"764",6.19031540585315,1.09861228866811,0,5.05624580534831,3,9.59117
"765",6.76157276880406,2.70805020110221,0,5.37989735354046,1,3.19189
"766",1.94591014905531,5.97380961186926,0,3.78418963391826,3,7.17094
"767",6.48616078894409,2.63905732961526,0,4.69134788222914,4,7.92388
"768",5.06259503302697,0,0,3.17805383034795,2,4.22264
"769",6.67582322163485,0,0,4.99043258677874,20,21.7149
"770",0,5.34710753071747,0,3.3322045101752,7,7.75438
"771",5.17048399503815,2.484906649788,0,3.61091791264422,2,3.94798
"772",5.6937321388027,1.09861228866811,0,3.40119738166216,7,16.519
"773",6.90875477931522,0,1,5.21493575760899,7,15.8933
"774",7.28138566357028,5.05624580534831,1,5.85220247977447,8,10.4263
"775",5.17614973257383,0,0,3.2188758248682,1,3.19695
"776",5.00394630594546,5.40267738187228,0,3.95124371858143,3,6.20292
"777",6.50876913697168,0,0,4.71849887129509,5,12.5129
"778",4.96284463025991,0,0,3.29583686600433,1,4.50329
"779",5.2257466737132,3.04452243772342,0,3.76120011569356,1,1.76682
"780",7.18916773842032,5.79301360838414,0,5.72031177660741,1,3.1028
"781",4.94875989037817,7.02731451403978,0,5.48479693349065,11,14.4626
"782",4.78749174278205,4.58496747867057,1,3.29583686600433,0,7.46676
"783",5.75890177387728,6.38519439899773,1,5.09375020080676,6,20.424
"784",0,5.25227342804663,0,3.46573590279973,5,5.97445
"785",4.67282883446191,2.07944154167984,0,3.17805383034795,0,6.41569
"786",4.70953020131233,7.10824413973154,0,5.52942908751142,7,19.9182
"787",4.23410650459726,7.00124562206948,0,5.5834963087817,4,8.67717
"788",4.47733681447821,7.32052696227274,0,5.64897423816121,4,11.2422
"789",0,5.19295685089021,0,3.13549421592915,3,6.25954
"790",3.91202300542815,3.98898404656427,0,2.39789527279837,1,1.77712
"791",5.35658627467201,6.24027584517077,0,5.19295685089021,3,3.79861
"792",5.12396397940326,2.39789527279837,0,3.46573590279973,5,7.93397
"793",5.71373280550937,5.15905529921453,2,4.54329478227,3,10.1254
"794",5.92958914338989,0,0,4.11087386417331,0,4.68802
"795",6.41673228251233,3.80666248977032,0,4.83628190695148,6,7.66405
"796",6.90875477931522,3.09104245335832,3,5.24174701505964,6,13.4531
"797",4.64439089914137,0,0,3.17805383034795,0,7.6651
"798",2.99573227355399,5.37989735354046,0,3.29583686600433,5,8.70673
"799",4.81218435537242,0,0,2.19722457733622,1,1.77712
"800",4.43081679884331,4.45434729625351,0,3.09104245335832,0,7.72196
"801",4.59511985013459,3.36729582998647,0,3.46573590279973,0,1.77712
"802",6.04500531403601,1.6094379124341,2,4.53259949315326,8,15.3538
"803",4.53259949315326,5.73979291217923,0,4.11087386417331,3,11.5519
"804",0,5.81413053182507,0,3.52636052461616,1,8.04434
"805",5.3890717298165,5.37063802812766,0,4.60517018598809,2,11.3948
"806",4.63472898822964,0,0,2.63905732961526,1,3.18664
"807",6.20455776256869,0.693147180559945,0,4.57471097850338,0,3.19695
"808",6.64639051484773,1.6094379124341,0,5.09375020080676,6,21.2841
"809",0,5.65599181081985,0,4.38202663467388,0,6.41569
"810",0,5.27299955856375,0,3.61091791264422,0,4.68802
"811",5.76832099579377,6.70563909486,1,5.27299955856375,12,21.9232
"812",5.35658627467201,6.53524127101366,0,5.21493575760899,2,7.57679
"813",6.42486902390539,4.89034912822175,2,3.95124371858143,2,16.9512
"814",5.33753807970132,2.07944154167984,0,3.2188758248682,0,4.83769
"815",5.78074351579233,4.60517018598809,0,4.35670882668959,3,6.85931
"816",6.5694814204143,7.97968130238774,1,6.60665018619822,11,12.2608
"817",4.89783979995091,5.19849703126583,0,4.36944785246702,0,6.01575
"818",1.09861228866811,5.28320372873799,0,3.52636052461616,2,7.20141
"819",0,4.66343909411207,0,2.83321334405622,5,7.38898
"820",0,3.63758615972639,0,4.24849524204936,5,7.48725
"821",4.67282883446191,5.18178355029209,0,3.43398720448515,2,1.56044
"822",0,4.56434819146784,0,3.93182563272433,1,4.33338
"823",1.38629436111989,4.46590811865458,0,2.70805020110221,0,7.72196
"824",7.85631957140659,2.07944154167984,3,6.12686918411419,5,6.83452
"825",0.693147180559945,4.58496747867057,0,2.07944154167984,2,1.56044
"826",7.21964204013074,0,0,5.62762111369064,11,21.0803
"827",7.2115567333138,3.43398720448515,0,5.24174701505964,11,23.6268
"828",0.693147180559945,6.08677472691231,0,4.27666611901606,4,13.5695
"829",4.24849524204936,2.484906649788,0,2.07944154167984,1,5.84059
"830",6.4150969591716,0,0,4.51085950651685,7,15.769
"831",0,5.29831736654804,0,3.3322045101752,1,1.76682
"832",6.35262939631957,3.04452243772342,0,4.36944785246702,4,6.40904
"833",4.07753744390572,5.15329159449778,1,3.29583686600433,1,2.79724
"834",5.99146454710798,0,0,4.34380542185368,3,2.57507
"835",0,6.59304453414244,0,4.9416424226093,1,1.76682
"836",5.70044357339069,7.1731917424866,1,5.60947179518496,6,20.8861
"837",0,4.45434729625351,0,2.39789527279837,2,1.56044
"838",2.07944154167984,6.05443934626937,0,3.66356164612965,3,12.9005
"839",0,5.26269018890489,0,2.89037175789616,2,2.8819
"840",4.61512051684126,5.47227067367148,0,3.85014760171006,3,3.88096
"841",4.06044301054642,6.90775527898214,2,5.29831736654804,11,25.1599
"842",3.49650756146648,6.92165818415113,0,5.38449506278909,2,11.7472
"843",6.65801104587075,4.02535169073515,0,5.17614973257383,5,17.6967
"844",3.46573590279973,7.0343879299155,0,5.48063892334199,7,17.6161
"845",4.85981240436167,5.30826769740121,0,3.98898404656427,5,10.3507
"846",4.97673374242057,0,0,3.13549421592915,3,12.0774
"847",4.36944785246702,6.84906628263346,0,5.46806014113513,2,5.52957
"848",7.57044325205737,1.09861228866811,1,5.79909265446053,8,10.135
"849",3.66356164612965,5.07517381523383,0,3.66356164612965,6,3.18172
"850",6.60123011872888,0,0,5.02388052084628,2,4.80854
"851",5.22035582507832,0,0,2.99573227355399,2,3.22666
"852",0,6.17170059741091,0,4.00733318523247,1,0
"853",5.11799381241676,4.38202663467388,0,3.98898404656427,1,5.51129
"854",5.88332238848828,4.17438726989564,0,4.64439089914137,0,7.72707
"855",4.47733681447821,4.02535169073515,0,2.83321334405622,0,1.76682
"856",3.93182563272433,2.94443897916644,0,2.39789527279837,2,1.76682
"857",0,6.61873898351722,0,4.94875989037817,3,7.696
"858",1.6094379124341,5.31811999384422,0,3.46573590279973,0,4.68802
"859",0,4.23410650459726,0,3.09104245335832,0,4.68802
"860",0,5.23644196282995,0,3.09104245335832,0,6.41569
"861",0,5.4249500174814,0,3.13549421592915,3,6.21176
"862",6.78558764500793,7.12528309151071,0,5.95583736946483,16,25.4544
"863",0,6.13556489108174,0,4.45434729625351,1,5.93615
"864",6.0282785202307,0,1,4.4188406077966,4,13.5775
"865",4.26267987704132,1.79175946922805,0,1.94591014905531,0,7.91219
"866",4.34380542185368,1.79175946922805,0,3.04452243772342,0,5.82082
"867",4.89034912822175,0,0,2.99573227355399,1,3.19695
"868",4.59511985013459,2.19722457733622,0,2.89037175789616,4,5.17653
"869",4.02535169073515,5.98645200528444,1,4.0943445622221,8,20.3477
"870",5.68357976733868,4.59511985013459,0,4.36944785246702,5,16.8267
"871",3.40119738166216,3.98898404656427,0,2.39789527279837,1,6.44121
"872",4.62497281328427,0,1,5.8406416573734,24,38.2013
"873",3.68887945411394,4.07753744390572,0,2.99573227355399,1,3.82133
"874",6.84481547920826,8.44009614103127,0,6.67076632084587,16,17.1691
"875",5.8636311755981,0,0,3.93182563272433,2,1.76682
"876",7.31588350450979,1.79175946922805,5,5.14166355650266,11,10.3631
"877",6.06842558824411,2.94443897916644,0,4.65396035015752,4,14.0049
"878",5.23110861685459,0,0,3.71357206670431,0,6.42599
"879",3.43398720448515,7.39141523467536,1,5.86078622346587,8,19.6259
"880",4.75359019110636,4.34380542185368,0,3.40119738166216,2,4.00609
"881",5.84932477994686,5.2257466737132,0,4.27666611901606,2,6.12275
"882",0,5.01727983681492,0,3.46573590279973,0,9.46033
"883",5.08140436498446,5.53338948872752,0,3.52636052461616,1,4.77474
"884",5.35658627467201,6.63463335786169,0,5.93224518744801,7,22.5908
"885",0.693147180559945,6.08449941307517,0,3.85014760171006,1,0
"886",5.00394630594546,2.89037175789616,0,3.09104245335832,1,4.41258
"887",0,5.97888576490112,0,4.04305126783455,7,12.6552
"888",0,4.65396035015752,0,2.39789527279837,1,0
"889",4.34380542185368,4.04305126783455,0,2.83321334405622,0,8.62632
"890",5.30826769740121,0,0,3.66356164612965,2,3.00184
"891",5.06259503302697,5.35185813347607,0,3.98898404656427,7,16.4861
"892",0,6.38687931936265,0,5.05624580534831,3,15.5993
"893",0.693147180559945,3.71357206670431,0,1.94591014905531,0,5.61911
"894",4.40671924726425,6.08677472691231,0,4.31748811353631,6,15.7601
"895",3.29583686600433,7.40731771046942,0,5.74939298590825,12,15.0607
"896",0.693147180559945,3.66356164612965,0,1.38629436111989,0,4.43166
"897",5.98141421125448,4.78749174278205,0,4.56434819146784,3,16.6715
"898",5.68697535633982,2.63905732961526,0,3.09104245335832,1,5.47181
"899",5.94542060860658,5.71702770140622,0,4.40671924726425,2,1.56044
"900",4.98360662170834,1.6094379124341,0,3.13549421592915,0,3.19311
"901",5.7268477475872,3.55534806148941,0,4.15888308335967,5,8.51529
"902",0,6.59987049921284,0,4.59511985013459,8,12.2306
"903",4.36944785246702,4.82028156560504,0,2.89037175789616,0,3.19695
"904",5.13579843705026,4.17438726989564,0,3.36729582998647,2,5.74856
"905",2.89037175789616,4.60517018598809,0,2.56494935746154,1,5.98276
"906",3.49650756146648,4.99721227376411,0,3.3322045101752,0,4.33338
"907",0,5.03043792139244,0,3.04452243772342,1,2.80367
"908",7.52886925664225,5.33271879326537,2,6.00635315960173,18,15.4536
"909",3.04452243772342,6.1463292576689,0,3.97029191355212,4,11.3416
"910",0,6.5366915975913,0,4.77068462446567,1,5.93615
"911",4.35670882668959,4.91998092582813,0,3.91202300542815,1,1.76682
"912",4.56434819146784,4.07753744390572,0,3.63758615972639,0,4.18914
"913",0,6.18414889093748,0,4.58496747867057,4,18.6835
"914",0,4.89034912822175,0,3.43398720448515,1,7.47927
"915",7.33498187887181,0,2,5.44241771052179,11,19.2408
"916",6.04500531403601,0,0,4.11087386417331,7,19.1282
"917",5.73009978297357,3.04452243772342,0,4.4188406077966,1,1.76682
"918",3.95124371858143,5.24174701505964,0,3.68887945411394,1,1.76682
"919",4.81218435537242,0,0,2.19722457733622,1,1.77712
"920",6.03068526026126,4.80402104473326,1,5.19849703126583,8,21.8778
"921",4.99721227376411,3.29583686600433,0,3.09104245335832,1,4.41258
"922",3.98898404656427,0,0,2.30258509299405,0,3.30831
"923",6.80682936039218,0,0,5.34233425196481,3,11.181
"924",3.36729582998647,5.52942908751142,0,3.36729582998647,2,9.52583
"925",0,6.0591231955818,0,4.39444915467244,1,3.16218
"926",5.63478960316925,4.36944785246702,0,3.66356164612965,1,4.41258
"927",6.50876913697168,4.18965474202643,2,4.89034912822175,2,9.94289
"928",4.77912349311153,2.89037175789616,0,3.68887945411394,0,3.06228
"929",4.89783979995091,4.95582705760126,0,3.66356164612965,2,8.83054
"930",1.79175946922805,6.38350663488401,2,4.38202663467388,6,8.3733
"931",6.95463886488099,6.88243747099785,0,5.98393628068719,5,12.4038
"932",1.94591014905531,5.37063802812766,0,2.89037175789616,2,7.0311
"933",3.3322045101752,7.15070145759253,0,5.4249500174814,5,17.1585
"934",5.73009978297357,5.28826703069454,0,4.35670882668959,3,12.1593
"935",5.83773044716594,5.73979291217923,0,4.52178857704904,4,5.95836
"936",5.65248918026865,7.77946696745832,0,6.39024066706535,12,19.5813
"937",0,5.14749447681345,0,3.52636052461616,1,4.33338
"938",2.30258509299405,4.62497281328427,0,2.70805020110221,0,1.76682
"939",6.34035930372775,6.13556489108174,0,4.74493212836325,3,2.84822
"940",3.40119738166216,5.4971682252932,0,3.68887945411394,1,1.76682
"941",0,3.58351893845611,0,5.46806014113513,3,8.16874
"942",1.6094379124341,5.25227342804663,0,3.17805383034795,2,13.9202
"943",1.09861228866811,5.84643877505772,0,3.8286413964891,4,12.0347
"944",3.43398720448515,5.12396397940326,1,3.63758615972639,0,4.43166
"945",4.93447393313069,4.77912349311153,0,3.66356164612965,1,0
"946",5.78074351579233,6.18414889093748,0,5.09375020080676,1,3.1028
"947",5.09375020080676,0,0,3.58351893845611,3,11.0408
"948",6.16541785423142,0,1,4.67282883446191,0,3.19695
"949",6.33682573114644,3.78418963391826,0,4.93447393313069,8,11.7134
"950",6.06842558824411,0,1,3.87120101090789,4,10.9599
"951",4.12713438504509,0,0,2.484906649788,3,9.16954
"952",1.94591014905531,4.69134788222914,0,2.77258872223978,2,8.05292
"953",4.59511985013459,0,0,3.2188758248682,1,4.72501
"954",5.63835466933375,7.1770187659099,1,5.6021188208797,9,21.3934
"955",4.53259949315326,0,0,2.99573227355399,2,2.98342
"956",6.1527326947041,7.13648320859025,1,5.46806014113513,9,6.56161
"957",6.74641212857337,3.2188758248682,0,4.98360662170834,4,4.8424
"958",0,5.12989871492307,0,3.46573590279973,2,7.47927
"959",6.96129604591017,1.6094379124341,0,5.27811465923052,2,2.71813
"960",4.76217393479776,6.15060276844628,0,4.68213122712422,14,19.6349
"961",4.63472898822964,0,0,3.04452243772342,1,9.61458
"962",1.79175946922805,5.48479693349065,0,3.2188758248682,1,1.76682
"963",6.04737217904628,0,0,4.26267987704132,4,7.14634
"964",4.94875989037817,4.56434819146784,0,3.3322045101752,0,3.90631
"965",6.07073772800249,6.07764224334903,0,4.67282883446191,3,2.34667
"966",1.38629436111989,5.43372200355424,0,3.58351893845611,0,10.5804
"967",5.92157841964382,6.41345895716736,0,5.39816270151775,0,5.68119
"968",0,5.44673737166631,0,3.49650756146648,1,1.76682
"969",5.30826769740121,0,0,3.29583686600433,2,3.05459
"970",5.2257466737132,3.76120011569356,0,3.09104245335832,1,3.79659
"971",6.27852142416584,2.56494935746154,0,4.63472898822964,5,10.5825
"972",4.65396035015752,2.70805020110221,0,2.63905732961526,1,7.87093
"973",0,5.2040066870768,0,3.55534806148941,3,8.74592
"974",6.21860011969173,0,0,4.33073334028633,4,10.2435
"975",5.96614673912369,6.96790920180188,1,5.63835466933375,6,14.1924
"976",7.2283884515736,0,0,5.40717177146012,12,25.6709
"977",0,6.70563909486,0,4.87519732320115,5,18.2694
"978",4.89783979995091,4.92725368515721,0,3.8286413964891,3,9.69581
"979",4.02535169073515,4.40671924726425,0,2.83321334405622,1,1.76682
"980",0,4.65396035015752,0,3.93182563272433,1,0
"981",4.31748811353631,5.13579843705026,0,3.2188758248682,2,5.78633
"982",2.89037175789616,4.72738781871234,0,3.04452243772342,1,1.76682
"983",0,6.24027584517077,0,4.33073334028633,10,11.695
"984",7.36264527041782,0,4,5.94017125272043,18,17.978
"985",3.80666248977032,5.03043792139244,1,2.30258509299405,0,1.76682
"986",4.8283137373023,5.01727983681492,0,3.76120011569356,3,6.21176
"987",1.09861228866811,4.38202663467388,0,2.39789527279837,2,1.56044
"988",2.94443897916644,5.65948221575962,0,4.0943445622221,2,3.17095
"989",2.484906649788,5.17614973257383,0,3.63758615972639,2,9.83397
"990",0,4.68213122712422,0,2.77258872223978,0,4.33338
"991",7.71110125184016,4.76217393479776,0,5.95324333428778,13,21.4383
"992",4.82028156560504,4.18965474202643,0,3.43398720448515,0,3.71677
"993",3.3322045101752,5.8406416573734,0,4.11087386417331,5,14.266
"994",0,6.45990445437753,0,4.59511985013459,2,5.02919
"995",0,3.87120101090789,0,1.6094379124341,0,6.41569
"996",2.07944154167984,5.29330482472449,0,3.36729582998647,2,9.33201
"997",5.62040086571715,5.02388052084628,2,4.27666611901606,6,12.4237
"998",0,6.66185474054531,3,4.99721227376411,8,21.2282
"999",4.8283137373023,0,0,3.49650756146648,2,5.99307
"1000",0,5.06259503302697,0,3.17805383034795,3,8.64184
"1001",4.30406509320417,6.46302945692067,0,4.87519732320115,4,5.02919
"1002",5.06259503302697,6.4150969591716,0,4.81218435537242,0,6.13795
"1003",2.70805020110221,4.78749174278205,1,2.77258872223978,2,3.03348
"1004",5.36129216570943,5.73009978297357,0,4.56434819146784,9,16.4202
"1005",6.23441072571837,2.30258509299405,0,4.35670882668959,2,1.38451
"1006",2.94443897916644,7.22475340576797,0,5.48063892334199,12,14.4326
"1007",6.15697898558556,5.32300997913841,0,5.15905529921453,4,5.24311
"1008",5.96870755998537,6.76849321164863,0,5.56068163101553,14,28.2413
"1009",0,4.17438726989564,0,2.07944154167984,2,3.15995
"1010",4.81218435537242,0.693147180559945,0,2.70805020110221,0,3.30831
"1011",4.33073334028633,0,0,1.94591014905531,0,6.23261
"1012",1.09861228866811,5.33271879326537,0,2.89037175789616,0,11.6303
"1013",5.77144112313002,0,0,4.14313472639153,0,3.19695
"1014",3.63758615972639,2.07944154167984,0,1.94591014905531,3,3.18671
"1015",6.64639051484773,1.94591014905531,1,4.90527477843843,3,10.0211
"1016",5.32787616878958,0,0,3.3322045101752,3,8.99489
"1017",4.27666611901606,5.2040066870768,0,3.87120101090789,3,3.1764
"1018",4.29045944114839,4.07753744390572,0,3.13549421592915,1,2.90397
"1019",5.97635090929793,7.0343879299155,0,5.60947179518496,6,19.1818
"1020",4.48863636973214,0,0,4.33073334028633,1,13.6031
"1021",5.14166355650266,5.06890420222023,0,1.38629436111989,6,11.6447
"1022",5.97380961186926,3.13549421592915,0,4.35670882668959,2,6.14016
"1023",5.21493575760899,3.80666248977032,0,3.91202300542815,3,9.08573
"1024",6.4377516497364,6.12029741895095,0,4.99043258677874,5,5.95086
"1025",4.53259949315326,4.36944785246702,0,2.99573227355399,1,1.76682
"1026",2.94443897916644,6.02586597382531,0,4.33073334028633,4,12.1236
"1027",3.91202300542815,6.00881318544259,0,3.76120011569356,2,4.582
"1028",0,6.12249280951439,2,4.52178857704904,13,14.1196
"1029",7.49108759353488,0,0,5.53733426701854,3,4.49111
"1030",2.56494935746154,7.05789793741186,1,5.03043792139244,2,8.24327
"1031",3.66356164612965,3.63758615972639,0,2.63905732961526,0,5.33086
"1032",0,5.66988092298052,0,4.34380542185368,1,1.76682
"1033",3.61091791264422,5.75257263882563,0,4.07753744390572,1,9.37455
"1034",4.27666611901606,3.87120101090789,0,2.83321334405622,1,3.01668
"1035",3.49650756146648,4.11087386417331,0,3.58351893845611,0,6.41569
"1036",5.32787616878958,3.43398720448515,0,2.83321334405622,0,4.08622
"1037",6.34212141872115,2.99573227355399,0,4.70953020131233,2,3.05459
"1038",6.12686918411419,0.693147180559945,0,4.30406509320417,1,5.36088
"1039",5.17614973257383,3.55534806148941,0,3.40119738166216,4,10.6649
"1040",4.94875989037817,2.99573227355399,0,3.55534806148941,3,2.53244
"1041",6.06378520868761,0,0,5.08759633523238,7,14.9163
"1042",3.63758615972639,3.63758615972639,0,2.63905732961526,2,6.17907
"1043",5.76832099579377,5.04985600724954,0,4.61512051684126,2,2.71813
"1044",0,6.84481547920826,0,6.4377516497364,24,29.2299
"1045",6.34212141872115,0,0,4.69134788222914,0,3.45817
"1046",5.18738580584075,4.04305126783455,0,3.73766961828337,2,13.9802
"1047",4.52178857704904,2.19722457733622,0,3.25809653802148,3,5.8987
"1048",0,6.12468339089421,0,4.54329478227,3,13.3046
"1049",1.09861228866811,6.71052310945243,0,4.96284463025991,7,20.0741
"1050",7.3375877435386,5.01063529409626,0,4.84418708645859,1,0
"1051",0,3.71357206670431,0,1.79175946922805,1,0
"1052",2.99573227355399,2.07944154167984,0,1.38629436111989,1,2.97312
"1053",3.89182029811063,4.24849524204936,0,2.56494935746154,0,5.42019
"1054",5.95583736946483,7.41336733569524,0,6.13339804299665,8,15.0525
"1055",4.85981240436167,4.65396035015752,0,3.95124371858143,0,3.76631
"1056",4.40671924726425,3.04452243772342,0,1.94591014905531,1,3.18664
"1057",0.693147180559945,6.27287700654617,0,4.34380542185368,3,7.04931
"1058",0.693147180559945,6.10255859461357,0,4.23410650459726,1,6.4348
"1059",4.9416424226093,5.54126354515843,0,4.44265125649032,7,15.6337
"1060",5.78689738136671,0,2,3.98898404656427,2,5.77294
"1061",4.46590811865458,6.96129604591017,1,5.29330482472449,7,19.4171
"1062",7.05444965813294,4.31748811353631,0,5.4553211153577,3,4.0521
"1063",3.68887945411394,5.30330490805908,0,3.61091791264422,0,7.05038
"1064",0,3.04452243772342,0,0,1,7.4204
"1065",0,6.13988455222626,1,4.14313472639153,4,22.3051
"1066",1.09861228866811,6.66695679242921,0,5.03043792139244,1,10.3221
"1067",0,5.2040066870768,0,3.17805383034795,1,3.18664
"1068",5.13579843705026,0,0,3.76120011569356,1,3.19189
"1069",6.38687931936265,6.84587987526405,0,5.35185813347607,8,13.8673
"1070",6.46769872610435,7.00488198971286,0,5.82600010738045,11,14.7275
"1071",5.75257263882563,5.05624580534831,0,3.93182563272433,3,7.34746
"1072",0,7.32974968904151,0,5.61677109766657,12,15.0338
"1073",4.44265125649032,4.79579054559674,0,3.3322045101752,4,11.828
"1074",0,4.52178857704904,0,4.0943445622221,2,7.94243
"1075",5.02388052084628,3.55534806148941,0,3.25809653802148,3,7.70698
"1076",5.28320372873799,5.08140436498446,0,3.95124371858143,7,17.3833
"1077",4.77068462446567,4.969813299576,0,3.68887945411394,2,4.55719
"1078",5.4510384535657,7.11476944836646,5,5.64544689764324,5,11.5477
"1079",5.57594910314632,0,0,4.00733318523247,4,3.82071
"1080",5.80211837537706,0,0,4.34380542185368,0,8.44052
"1081",0,5.94017125272043,0,3.09104245335832,1,0
"1082",6.80793494369993,0,2,5.43372200355424,5,14.4493
"1083",7.27655640271871,7.646353722446,1,3.52636052461616,34,34.2777
"1084",6.57088296233958,7.00397413672268,0,5.75574221358691,11,19.0251
"1085",5.26785815906333,5.7037824746562,0,4.78749174278205,0,7.2787
"1086",6.10255859461357,0,0,4.07753744390572,2,9.96423
"1087",4.77068462446567,5.22035582507832,0,4.33073334028633,1,1.76682
"1088",6.45519856334012,2.89037175789616,0,5.04342511691925,1,12.4862
"1089",0,5.70711026474888,0,3.43398720448515,3,18.6113
"1090",5.63121178182137,0,0,3.3322045101752,1,4.41258
"1091",5.25749537202778,2.07944154167984,0,3.36729582998647,1,8.45639
"1092",0,4.40671924726425,0,2.39789527279837,2,1.56044
"1093",5.98393628068719,1.79175946922805,1,4.67282883446191,6,10.912
"1094",5.56452040732269,3.73766961828337,0,4.06044301054642,2,5.88694
"1095",4.15888308335967,3.78418963391826,0,2.94443897916644,1,8.04434
"1096",5.31320597904179,6.08904487544685,1,4.57471097850338,2,10.9671
"1097",6.49223983502047,4.96284463025991,0,4.23410650459726,3,7.34746
"1098",4.76217393479776,3.78418963391826,0,3.36729582998647,3,5.6766
"1099",6.01126717440416,4.86753445045558,0,4.20469261939097,8,14.5709
"1100",5.63478960316925,0,0,2.56494935746154,5,5.44491
"1101",6.21060007702465,5.61312810638807,0,4.69134788222914,5,7.21846
"1102",6.05443934626937,0,0,4.27666611901606,4,16.2007
"1103",5.33271879326537,5.17614973257383,0,4.30406509320417,0,1.76682
"1104",4.80402104473326,0,1,3.40119738166216,1,0
"1105",4.33073334028633,3.95124371858143,1,2.94443897916644,1,4.30172
"1106",0,7.30921236569276,0,5.36129216570943,4,5.41232
"1107",4.52178857704904,4.9416424226093,0,3.43398720448515,2,1.17006
"1108",4.66343909411207,0,0,2.07944154167984,1,3.11109
"1109",4.38202663467388,0,0,2.484906649788,0,1.77712
"1110",3.98898404656427,0,0,2.39789527279837,1,5.98276
"1111",4.51085950651685,6.27664348934164,1,4.7361984483945,13,21.4581
"1112",5.38449506278909,0,0,3.89182029811063,1,8.61561
"1113",5.08140436498446,3.87120101090789,0,3.93182563272433,2,10.8383
"1114",4.33073334028633,4.21950770517611,0,3.55534806148941,2,3.18918
"1115",2.99573227355399,6.51174532964473,0,4.49980967033027,8,25.7875
"1116",1.09861228866811,5.73979291217923,0,4.21950770517611,5,7.49997
"1117",3.04452243772342,3.43398720448515,0,1.94591014905531,2,3.15995
"1118",6.83087423464618,0,0,4.98360662170834,9,18.3841
"1119",4.79579054559674,0,0,2.94443897916644,0,4.70143
"1120",5.66988092298052,6.62539236800796,0,4.7361984483945,2,10.0676
"1121",6.96129604591017,2.484906649788,0,5.64897423816121,9,9.50502
"1122",6.2709884318583,6.7093043402583,0,5.37063802812766,7,6.43978
"1123",1.79175946922805,5.43372200355424,0,3.43398720448515,0,3.70646
"1124",3.66356164612965,5.33271879326537,0,3.78418963391826,1,0
"1125",0,4.48863636973214,0,2.39789527279837,2,1.56044
"1126",0,4.93447393313069,0,3.29583686600433,1,1.76682
"1127",7.48661331313996,3.46573590279973,0,6.02102334934953,6,13.1185
"1128",1.09861228866811,5.73334127689775,0,3.8286413964891,2,3.70646
"1129",5.26269018890489,6.73459165997295,0,5.37527840768417,4,17.7108
"1130",5.3890717298165,2.30258509299405,0,3.61091791264422,0,8.96317
"1131",6.47543271670409,0,0,4.99721227376411,3,13.1509
"1132",5.85507192220243,5.40267738187228,0,4.18965474202643,2,4.57971
"1133",2.94443897916644,6.35957386867238,0,4.56434819146784,8,11.6432
"1134",2.77258872223978,4.71849887129509,0,2.39789527279837,2,1.56044
"1135",2.99573227355399,6.10702288774225,1,4.44265125649032,0,4.43166
"1136",4.99721227376411,4.90527477843843,0,3.66356164612965,5,14.3549
"1137",5.52545293913178,5.57215403217776,2,4.44265125649032,11,16.4773
"1138",0,4.00733318523247,0,2.77258872223978,0,6.41569
"1139",6.08221891037645,0,0,4.93447393313069,2,6.74569
"1140",4.969813299576,4.62497281328427,0,4.14313472639153,1,7.47927
"1141",4.18965474202643,3.04452243772342,0,3.13549421592915,1,6.42599
"1142",3.68887945411394,6.22653666928747,0,4.33073334028633,4,15.2441
"1143",0,4.51085950651685,0,2.30258509299405,1,7.38607
"1144",0,6.04973345523196,1,4.26267987704132,2,13.8243
"1145",4.07753744390572,1.6094379124341,0,3.73766961828337,2,8.50394
"1146",5.88887795833288,3.17805383034795,0,3.87120101090789,7,6.94439
"1147",4.54329478227,5.26785815906333,0,3.85014760171006,2,3.22666
"1148",4.57471097850338,4.70953020131233,0,3.78418963391826,0,4.68802
"1149",3.93182563272433,4.46590811865458,0,3.3322045101752,1,1.76682
"1150",4.59511985013459,0.693147180559945,0,2.83321334405622,0,3.18664
"1151",4.81218435537242,1.09861228866811,0,3.04452243772342,1,3.18664
"1152",0,5.52146091786225,0,3.2188758248682,3,19.6689
"1153",4.36944785246702,4.85203026391962,0,3.63758615972639,1,12.2006
"1154",0,5.67332326717149,1,4.53259949315326,7,18.2442
"1155",0,5.86929691313377,0,4.29045944114839,1,3.98647
"1156",6.361302477573,0,0,4.58496747867057,7,19.5417
"1157",7.2115567333138,3.36729582998647,5,5.63835466933375,12,22.5021
"1158",5.27811465923052,7.82883452758809,1,4.75359019110636,12,17.2611
"1159",5.29831736654804,0,1,2.99573227355399,3,11.3834
"1160",6.42648845745769,5.19849703126583,0,5.03043792139244,4,5.20137
"1161",0,6.61204103483309,0,4.56434819146784,1,0
"1162",4.99043258677874,7.16162200293919,2,5.6937321388027,17,25.5219
"1163",7.95050243480885,5.78074351579233,3,6.22455842927536,32,33.6659
"1164",4.70953020131233,0,0,2.63905732961526,1,3.18664
"1165",6.20859002609663,7.6231530684769,0,5.93753620508243,7,17.0216
"1166",4.87519732320115,7.57198844937744,2,5.78689738136671,13,29.4386
"1167",4.17438726989564,0,0,2.83321334405622,1,7.6507
"1168",0.693147180559945,4.56434819146784,0,2.56494935746154,1,0
"1169",3.95124371858143,1.09861228866811,0,2.30258509299405,0,3.30831
"1170",4.34380542185368,7.5234813125735,1,5.44241771052179,3,5.5393
"1171",5.68357976733868,0,1,4.14313472639153,2,7.27922
"1172",5.6937321388027,0,0,4.15888308335967,3,3.82071
"1173",5.12989871492307,7.83952558170468,2,6.24416690066374,31,25.1591
"1174",3.13549421592915,6.01615715969835,0,3.66356164612965,5,5.97445
"1175",2.94443897916644,3.49650756146648,0,2.63905732961526,1,3.36633
"1176",1.09861228866811,6.59714570188665,0,4.75359019110636,7,11.2702
"1177",0,4.98360662170834,0,5.03043792139244,10,21.903
"1178",5.14166355650266,2.94443897916644,0,3.13549421592915,3,9.28127
"1179",5.06259503302697,5.19295685089021,0,3.76120011569356,0,7.26436
"1180",5.15905529921453,4.99043258677874,0,4.14313472639153,3,5.62327
"1181",5.44241771052179,0,0,3.58351893845611,1,3.19948
"1182",6.16541785423142,0,0,5.82600010738045,2,10.0124
"1183",0,6.99576615630485,0,5.0998664278242,3,14.3708
"1184",4.15888308335967,5.85507192220243,0,3.63758615972639,5,10.9766
"1185",0,3.40119738166216,0,1.38629436111989,0,1.76682
"1186",8.09529377684465,5.51745289646471,0,6.37842618365159,19,17.9211
"1187",3.89182029811063,5.27299955856375,0,4.26267987704132,0,4.68802
"1188",3.04452243772342,3.2188758248682,0,1.94591014905531,1,0
"1189",5.92692602597041,3.2188758248682,0,4.40671924726425,0,1.76682
"1190",5.18738580584075,6.97728134163075,0,0,7,7.36317
"1191",3.78418963391826,5.18738580584075,0,2.19722457733622,2,2.98148
"1192",3.29583686600433,4.30406509320417,0,3.17805383034795,0,8.04434
"1193",4.15888308335967,5.04342511691925,0,3.3322045101752,1,0
"1194",5.96357934361845,1.79175946922805,1,4.51085950651685,4,1.84469
"1195",3.98898404656427,6.361302477573,0,4.44265125649032,2,1.42715
"1196",0,6.66185474054531,3,4.75359019110636,8,19.5212
"1197",3.61091791264422,1.09861228866811,0,2.30258509299405,1,3.19695
"1198",4.06044301054642,7.39633529380081,0,5.88332238848828,18,27.4287
"1199",7.49831587076698,6.09582456243222,2,6.08904487544685,27,35.7287
"1200",4.18965474202643,5.79605775076537,0,3.71357206670431,3,6.00267
"1201",5.85793315448346,0,0,3.43398720448515,1,4.41258
"1202",4.58496747867057,2.19722457733622,0,3.40119738166216,0,6.41569
"1203",0,4.57471097850338,0,2.07944154167984,1,0
"1204",7.61677580869837,0.693147180559945,0,5.94542060860658,4,6.35106
"1205",5.07517381523383,0,0,3.3322045101752,2,3.82133
"1206",0,6.49828214947643,0,4.83628190695148,1,10.3221
"1207",0,5.97380961186926,0,4.00733318523247,3,12.0882
"1208",3.87120101090789,2.77258872223978,0,2.484906649788,1,1.76682
"1209",4.34380542185368,4.68213122712422,0,3.13549421592915,1,0
"1210",4.77912349311153,6.35610766069589,2,4.70953020131233,4,11.6789
"1211",4.36944785246702,6.1463292576689,0,4.53259949315326,8,16.753
"1212",6.0137151560428,0,0,4.59511985013459,9,20.6318
"1213",5.12989871492307,4.38202663467388,0,3.43398720448515,3,8.35105
"1214",6.42162226780652,4.44265125649032,0,4.85981240436167,4,14.3413
"1215",0,5.21493575760899,0,3.25809653802148,3,19.1174
"1216",5.71702770140622,5.44241771052179,0,4.67282883446191,3,13.6285
"1217",3.66356164612965,6.84481547920826,0,5.01727983681492,8,15.677
"1218",6.58202513889283,3.3322045101752,0,4.98360662170834,0,6.68071
"1219",0,3.91202300542815,0,1.94591014905531,0,1.77712
"1220",0,6.33859407820318,0,4.70048036579242,2,8.67717
"1221",6.69084227741856,2.19722457733622,1,5.02388052084628,2,11.1107
"1222",4.07753744390572,0,0,1.38629436111989,2,4.88727
"1223",5.6021188208797,0,0,2.19722457733622,3,9.16954
"1224",5.19849703126583,5.52545293913178,0,4.15888308335967,5,9.1054
"1225",0,5.08759633523238,0,3.04452243772342,2,3.1496
"1226",0,4.62497281328427,0,2.07944154167984,2,1.56044
"1227",5.79909265446053,4.40671924726425,0,2.77258872223978,1,4.50833
"1228",5.33753807970132,0,0,3.80666248977032,2,4.61185
"1229",3.73766961828337,2.30258509299405,0,2.39789527279837,0,1.76682
"1230",4.91265488573605,5.86929691313377,0,4.02535169073515,2,11.2502
"1231",0,5.7268477475872,1,4.06044301054642,1,0
"1232",4.85203026391962,6.71538338633468,0,5.28826703069454,5,11.5044
"1233",5.25227342804663,4.88280192258637,0,4.47733681447821,0,6.41569
"1234",1.6094379124341,5.40267738187228,0,3.93182563272433,5,17.1031
"1235",0,4.93447393313069,0,3.3322045101752,1,0
"1236",5.51342874616498,1.38629436111989,0,3.8286413964891,0,6.90917
"1237",3.40119738166216,5.15905529921453,0,3.3322045101752,2,7.34429
"1238",0,4.47733681447821,0,2.30258509299405,1,2.97312
"1239",4.62497281328427,0,0,2.39789527279837,5,18.2209
"1240",0,5.18738580584075,0,3.13549421592915,2,7.90771
"1241",6.3818160174061,5.17048399503815,0,4.8283137373023,7,9.64953
"1242",0,5.95583736946483,0,3.2188758248682,1,1.77712
"1243",0,3.58351893845611,0,1.94591014905531,1,3.97134
"1244",5.33271879326537,6.29894924685594,0,5.04985600724954,0,7.10003
"1245",4.75359019110636,0,0,3.71357206670431,0,6.41569
"1246",3.68887945411394,5.26269018890489,1,3.71357206670431,1,4.5126
"1247",0,5.92425579741453,0,3.97029191355212,1,14.8324
"1248",3.66356164612965,3.09104245335832,0,2.19722457733622,1,0
"1249",1.09861228866811,6.0591231955818,0,4.48863636973214,1,6.41569
"1250",2.63905732961526,5.12396397940326,0,3.29583686600433,1,6.41569
"1251",7.22256601882217,5.90536184805457,0,5.48479693349065,6,7.41817
"1252",5.28320372873799,0,0,3.85014760171006,3,11.5039
"1253",2.07944154167984,4.61512051684126,0,2.70805020110221,0,4.33338
"1254",5.26269018890489,5.96357934361845,0,4.70953020131233,2,10.1089
"1255",1.6094379124341,3.17805383034795,0,2.56494935746154,1,5.98276
"1256",0,3.95124371858143,0,2.07944154167984,1,1.76682
"1257",6.04737217904628,0,0,2.484906649788,0,1.77712
"1258",7.99934295271328,0,0,3.80666248977032,0,0
"1259",2.99573227355399,4.82028156560504,0,3.63758615972639,1,1.76682
"1260",4.9416424226093,6.69332366826995,1,3.93182563272433,0,2.98549
"1261",6.21460809842219,3.2188758248682,0,4.15888308335967,1,3.32521
"1262",8.14467918344776,8.01102337918644,1,6.99209642741589,46,31.9437
"1263",6.60123011872888,0,0,5.24702407216049,3,10.3534
"1264",5.8805329864007,1.09861228866811,0,4.44265125649032,1,1.76682
"1265",5.06890420222023,4.83628190695148,0,4.29045944114839,1,3.19695
"1266",4.11087386417331,5.18178355029209,0,3.58351893845611,3,8.16318
"1267",2.19722457733622,5.90536184805457,0,4.20469261939097,0,1.77712
"1268",2.484906649788,5.54907608489522,0,3.73766961828337,8,7.19932
"1269",3.29583686600433,4.27666611901606,0,2.39789527279837,1,0
"1270",0,4.93447393313069,0,2.77258872223978,1,0
"1271",7.10578612948127,0,1,4.85203026391962,2,3.03875
"1272",0,5.23644196282995,0,3.52636052461616,0,4.68802
"1273",2.56494935746154,5.50125821054473,0,3.49650756146648,2,7.22187
"1274",5.18738580584075,5.30330490805908,0,4.14313472639153,4,13.9237
"1275",4.02535169073515,6.14418563412565,0,4.9416424226093,1,8.78554
"1276",5.92425579741453,0,0,4.07753744390572,1,5.84321
"1277",0,4.70048036579242,0,2.07944154167984,1,14.2096
"1278",2.83321334405622,5.06259503302697,0,3.43398720448515,4,6.38161
"1279",4.49980967033027,0,0,2.70805020110221,1,0
"1280",5.98645200528444,5.0998664278242,0,4.59511985013459,4,7.72196
"1281",6.04025471127741,5.18738580584075,0,4.62497281328427,1,1.76682
"1282",5.35185813347607,6.24804287450843,0,4.70048036579242,6,16.617
"1283",7.11069612297883,4.06044301054642,1,5.47646355193151,2,12.8864
"1284",5.95583736946483,0,0,4.18965474202643,1,4.83647
"1285",4.18965474202643,4.7361984483945,0,3.3322045101752,0,7.72196
"1286",5.67332326717149,5.31320597904179,0,4.67282883446191,6,6.1094
"1287",3.63758615972639,6.27664348934164,0,4.45434729625351,5,11.171
"1288",5.73657229747919,6.50727771238501,1,5.17614973257383,5,13.7684
"1289",5.84354441703136,3.04452243772342,0,4.49980967033027,1,3.15241
"1290",5.97635090929793,0,0,4.34380542185368,4,13.3755
"1291",4.66343909411207,0,0,3.17805383034795,1,7.23217
"1292",5.48479693349065,0,1,3.98898404656427,2,3.54759
"1293",6.57228254269401,0,0,4.81218435537242,5,7.18485
"1294",5.54126354515843,3.09104245335832,0,3.85014760171006,2,3.27147
"1295",4.23410650459726,7.74283595543075,0,5.92692602597041,9,22.6033
"1296",5.86078622346587,0,0,5.05624580534831,4,10.7456
"1297",8.41693076947784,1.38629436111989,0,6.85224256905188,50,30.4541
"1298",6.04973345523196,3.78418963391826,1,4.38202663467388,3,5.4784
"1299",0,4.57471097850338,0,2.07944154167984,2,1.56044
"1300",3.87120101090789,6.32256523992728,0,4.70048036579242,3,8.91487
"1301",0,5.95583736946483,0,3.17805383034795,3,11.3595
"1302",4.57471097850338,4.61512051684126,0,3.46573590279973,4,7.38057
"1303",4.11087386417331,7.54855597916987,0,5.98393628068719,18,16.1068
"1304",0,5.31811999384422,0,3.36729582998647,0,4.57426
"1305",3.71357206670431,5.19295685089021,0,3.68887945411394,0,4.57426
"1306",0,4.52178857704904,0,2.07944154167984,0,3.44787
"1307",5.83188247728352,2.89037175789616,0,4.58496747867057,4,5.81133
"1308",3.3322045101752,6.0137151560428,0,4.18965474202643,4,6.05686
"1309",2.39789527279837,6.78332520060396,0,5.11198778835654,2,2.23703
"1310",4.00733318523247,4.75359019110636,0,3.25809653802148,1,0
"1311",6.19847871649231,0,1,4.53259949315326,4,7.65733
"1312",3.29583686600433,6.02586597382531,0,4.26267987704132,0,4.57426
"1313",3.36729582998647,6.84694313958538,0,4.77912349311153,6,11.0533
"1314",5.99645208861902,3.97029191355212,0,3.09104245335832,12,10.9776
"1315",5.53338948872752,1.6094379124341,0,3.52636052461616,1,0
"1316",5.44241771052179,6.17586727010576,0,4.39444915467244,7,18.2028
"1317",2.77258872223978,5.84932477994686,0,3.04452243772342,2,7.83059
"1318",0,5.15905529921453,0,3.13549421592915,3,6.81975
"1319",4.27666611901606,4.23410650459726,0,3.04452243772342,1,3.05459
"1320",5.6021188208797,0,0,4.06044301054642,2,13.1037
"1321",7.34536484041687,6.50876913697168,1,5.8636311755981,8,14.328
"1322",4.64439089914137,6.54821910276237,0,4.90527477843843,2,6.2318
"1323",5.5683445037611,3.2188758248682,0,4.27666611901606,6,13.06
"1324",4.67282883446191,4.64439089914137,0,3.46573590279973,0,7.26892
"1325",4.8283137373023,0,0,2.99573227355399,0,4.64887
"1326",0,3.97029191355212,0,1.94591014905531,1,1.76682
"1327",6.35088571671474,5.48063892334199,0,5.13579843705026,1,11.9805
"1328",6.61204103483309,0,0,4.76217393479776,6,10.5179
"1329",4.66343909411207,6.1527326947041,0,4.7361984483945,4,6.39937
"1330",6.74170069465205,0,0,4.93447393313069,2,14.2302
"1331",3.55534806148941,5.97126183979046,0,4.38202663467388,1,9.67792
"1332",4.72738781871234,5.06259503302697,0,3.95124371858143,1,0
"1333",0,4.24849524204936,0,2.484906649788,1,1.76682
"1334",5.0998664278242,5.51745289646471,0,4.66343909411207,0,4.22329
"1335",4.99043258677874,0,0,3.3322045101752,1,5.84418
"1336",4.69134788222914,0,0,3.17805383034795,2,4.40324
"1337",6.61740297797448,0,1,4.71849887129509,5,11.2693
"1338",0,5.19295685089021,0,2.484906649788,1,11.8601
"1339",5.97888576490112,0,1,3.85014760171006,7,9.92215
"1340",6.24222326545517,6.2803958389602,0,4.90527477843843,2,1.56044
"1341",5.29831736654804,6.74170069465205,1,5.28320372873799,4,12.6447
"1342",0.693147180559945,6.39692965521615,0,4.62497281328427,1,3.36633
"1343",5.63835466933375,6.30627528694802,1,5.01063529409626,1,1.76682
"1344",2.07944154167984,5.71702770140622,0,3.78418963391826,4,1.39536
"1345",4.67282883446191,6.07764224334903,0,4.34380542185368,2,3.20427
"1346",0,4.70048036579242,0,2.39789527279837,2,8.69863
"1347",4.64439089914137,0,0,3.43398720448515,1,5.99307
"1348",6.10702288774225,6.51323011091231,0,4.45434729625351,5,12.5353
"1349",7.49052940206071,0,2,5.73009978297357,24,27.0841
"1350",5.14166355650266,6.91572344863131,2,5.31320597904179,19,27.2665
"1351",7.62705741701893,7.25981961036319,2,5.75890177387728,30,42.0495
"1352",4.75359019110636,4.44265125649032,0,3.43398720448515,0,6.41569
"1353",0,4.62497281328427,0,2.89037175789616,1,6.90708
"1354",4.21950770517611,5.23110861685459,0,3.63758615972639,0,7.83167
"1355",3.63758615972639,6.8330317327862,1,5.09375020080676,11,13.1737
"1356",0,5.55295958492162,0,3.68887945411394,2,4.40164
"1357",5.44241771052179,0,0,4.21950770517611,1,1.77712
"1358",4.98360662170834,5.39816270151775,0,4.02535169073515,0,7.81509
"1359",4.40671924726425,4.92725368515721,0,3.43398720448515,1,7.62199
"1360",2.77258872223978,5.56452040732269,0,3.68887945411394,0,7.27922
"1361",6.03068526026126,0,0,4.44265125649032,0,7.26892
"1362",4.47733681447821,6.46614472423762,2,4.44265125649032,8,14.5368
"1363",2.30258509299405,7.15773548424991,0,5.62401750618734,1,8.67717
"1364",5.37063802812766,0,0,3.52636052461616,3,10.1597
"1365",4.91265488573605,5.71042701737487,0,4.45434729625351,4,9.50905
"1366",5.2257466737132,0,0,3.63758615972639,0,4.40148
"1367",6.02102334934953,0,0,4.27666611901606,0,0
"1368",3.95124371858143,7.31388683163346,0,5.52545293913178,8,7.48098
"1369",4.20469261939097,4.70048036579242,0,3.25809653802148,1,0
"1370",4.87519732320115,0.693147180559945,0,3.04452243772342,2,12.6847
"1371",0,4.40671924726425,0,2.39789527279837,2,1.56044
"1372",4.78749174278205,5.08140436498446,0,3.98898404656427,2,8.27328
"1373",0,5.80211837537706,0,3.93182563272433,7,9.75182
"1374",7.38212436573751,6.59441345974978,1,5.85793315448346,18,23.032
"1375",4.48863636973214,0,0,2.484906649788,0,6.42599
"1376",7.41637847919293,1.38629436111989,0,5.91620206260743,2,5.42567
"1377",5.84932477994686,4.44265125649032,0,4.44265125649032,4,6.02605
"1378",3.95124371858143,0,0,1.38629436111989,1,1.77712
"1379",5.95842469302978,6.11809719804135,0,4.45434729625351,3,4.44773
"1380",5.0998664278242,5.85220247977447,0,4.57471097850338,5,12.7504
"1381",4.79579054559674,1.38629436111989,0,2.39789527279837,2,7.20153
"1382",4.93447393313069,3.95124371858143,0,3.46573590279973,2,4.87697
"1383",6.5424719605068,7.67275789664251,0,5.99893656194668,36,34.4797
"1384",7.09090982207998,1.38629436111989,0,5.52545293913178,9,19.2704
"1385",5.76832099579377,0,1,3.71357206670431,3,10.0211
"1386",0,5.52545293913178,0,3.40119738166216,0,8.04434
"1387",0,5.51342874616498,0,3.17805383034795,3,9.1192
"1388",5.28826703069454,6.10924758276437,0,4.43081679884331,3,10.1306
"1389",4.67282883446191,0,0,3.29583686600433,0,7.6651
"1390",5.51745289646471,3.25809653802148,1,3.17805383034795,4,15.172
"1391",1.09861228866811,3.85014760171006,1,4.76217393479776,5,14.7404
"1392",0,5.25227342804663,0,2.94443897916644,0,6.41569
"1393",7.57147364885127,0,2,5.87493073085203,3,9.04795
"1394",6.61069604471776,0,0,5.03043792139244,6,16.7735
"1395",0,3.40119738166216,0,4.94875989037817,8,12.7638
"1396",7.01750614294126,3.04452243772342,0,5.2257466737132,5,20.1092
"1397",6.5510803350434,6.00388706710654,1,4.96284463025991,4,5.15869
"1398",1.38629436111989,4.80402104473326,0,2.83321334405622,2,8.69863
"1399",3.80666248977032,6.82219739062049,2,5.14749447681345,4,11.3129
"1400",7.54591815120932,7.87587915949631,1,6.68710860786651,24,28.6537
"1401",4.40671924726425,4.17438726989564,0,3.66356164612965,0,6.41569
"1402",5.93489419561959,0.693147180559945,0,4.43081679884331,0,8.47667
"1403",4.64439089914137,3.49650756146648,0,3.09104245335832,7,7.53288
"1404",5.26785815906333,2.63905732961526,0,3.40119738166216,2,5.88474
"1405",4.66343909411207,4.15888308335967,0,3.3322045101752,3,8.81525
"1406",4.98360662170834,0,0,3.25809653802148,2,2.8819
"1407",1.09861228866811,7.14519613499717,0,5.60947179518496,1,8.67717
"1408",5.66642668811243,4.49980967033027,0,4.36944785246702,2,3.69105
"1409",6.95081476844258,0,0,5.23644196282995,9,17.3119
"1410",0,3.63758615972639,0,1.38629436111989,3,3.04262
"1411",2.39789527279837,3.40119738166216,0,2.77258872223978,0,1.77712
"1412",1.6094379124341,3.78418963391826,0,1.38629436111989,1,0
"1413",6.92067150424868,3.85014760171006,2,5.08759633523238,8,19.0688
"1414",4.30406509320417,3.3322045101752,0,3.17805383034795,1,8.1934
"1415",7.46221493976819,7.25981961036319,0,6.5191472879404,18,26.5914
"1416",4.43081679884331,4.94875989037817,0,3.73766961828337,6,17.2695
"1417",4.24849524204936,5.00394630594546,0,3.52636052461616,0,7.72196
"1418",6.65672652417839,5.18178355029209,0,5.03695260241363,5,12.8023
"1419",5.52545293913178,5.50938833662798,1,3.61091791264422,4,2.9034
"1420",4.49980967033027,5.39362754635236,0,4.00733318523247,3,6.78705
"1421",6.06378520868761,0,1,4.49980967033027,7,18.2025
"1422",2.70805020110221,6.95939851213398,0,5.47646355193151,2,8.67717
"1423",5.17048399503815,4.88280192258637,0,3.93182563272433,1,3.15241
"1424",0,4.59511985013459,0,2.07944154167984,2,1.56044
"1425",4.66343909411207,5.2040066870768,0,3.68887945411394,0,6.01575
"1426",5.58724865840025,0,0,3.61091791264422,3,17.2759
"1427",2.30258509299405,5.8348107370626,0,4.02535169073515,1,3.05459
"1428",4.98360662170834,5.03695260241363,0,4.04305126783455,2,4.41258
"1429",3.87120101090789,5.18178355029209,1,2.63905732961526,1,4.31805
"1430",1.79175946922805,4.07753744390572,0,1.94591014905531,0,6.41569
"1431",7.05617528410041,2.484906649788,4,5.12989871492307,27,34.7864
"1432",2.77258872223978,6.03068526026126,0,4.14313472639153,15,23.3982
"1433",5.65599181081985,1.79175946922805,0,4.07753744390572,1,7.67247
"1434",5.99645208861902,0,0,4.18965474202643,7,9.95194
"1435",0,7.11963563801764,0,5.28320372873799,15,13.1365
"1436",1.79175946922805,5.76832099579377,0,3.93182563272433,1,1.76682
"1437",6.28599809450886,3.89182029811063,0,2.94443897916644,1,2.67051
"1438",5.77765232322266,3.43398720448515,0,3.73766961828337,1,10.1983
"1439",3.76120011569356,2.77258872223978,0,2.77258872223978,1,4.50348
"1440",6.0591231955818,0.693147180559945,0,4.20469261939097,3,6.02143
"1441",5.79909265446053,4.40671924726425,0,4.53259949315326,2,7.61847
"1442",1.09861228866811,4.31748811353631,0,2.39789527279837,2,1.56044
"1443",4.71849887129509,0.693147180559945,0,2.89037175789616,1,1.77712
