"","V1","V2","V3","V4","V5","V6","V7","V8","V9","V10","V11","V12","V13","V14","V15","V16","V17","V18","V19","V20","bug","loc","bf","hcm"
"1",0,0,2.56494935746154,4.38202663467388,0,0,0,0,0,0,0,0,0,0,1.38629436111989,0,0,0,0,0,0,2.77258872223978,1,1.11258
"2",0,0,4.20469261939097,0,0,0,0,0,0,0,0,0,5.05624580534831,0,0,0,0,0.693147180559945,0,5.62040086571715,0,6.20050917404269,5,7.60794
"3",0,2.19722457733622,0,0,0,0,0,3.89182029811063,4.14313472639153,0,0,0,0,5.18178355029209,0,0,0,0,0,0,1,2.484906649788,3,6.44925
"4",0,0,0,2.07944154167984,0,0,0,1.09861228866811,3.73766961828337,0,2.484906649788,0,0.693147180559945,0,0,0,0,0,0,0.693147180559945,0,1.6094379124341,0,3.0823
"5",0,0,1.38629436111989,0,0,0,0,0,0,0,0,0,0,0,0,0,0,0,0,0,0,0,1,0
"6",0,0,0,3.93182563272433,0,0,0,0,0,0,0,0,0,0.693147180559945,0,0,0,0,0,0,0,1.94591014905531,1,0
"7",0,0,0.693147180559945,0,0.693147180559945,0,3.93182563272433,0,6.38350663488401,0,0.693147180559945,3.04452243772342,0,0,0,0,0,3.13549421592915,0,0,0,5.03695260241363,7,9.01949
"8",0,0,0,0.693147180559945,0,0,0,0,0,2.94443897916644,0,0,0,0,2.99573227355399,0,1.38629436111989,0,0,0,0,2.19722457733622,1,5.09157
"9",0.693147180559945,0,0,0,0,0,0,2.77258872223978,0,0,0,0,0,0,3.95124371858143,0,1.38629436111989,0,0,0,1,2.63905732961526,6,5.94951
"10",0,0,1.09861228866811,0,0,0,0,0,0,3.40119738166216,1.79175946922805,0,0,0,4.23410650459726,0,1.79175946922805,0,0,0,0,3.09104245335832,2,5.76365
"11",0,0,5.89164421182577,0,0,0,0,1.09861228866811,6.33505425149806,0,0,0,0,4.68213122712422,0,0,0,0,0,0,1,4.35670882668959,3,6.44925
"12",4.88280192258637,0,0,0,0,0,0,0,2.83321334405622,0,0,3.46573590279973,0.693147180559945,2.89037175789616,0,2.30258509299405,1.09861228866811,2.99573227355399,0,2.77258872223978,0,3.2188758248682,1,1.27192
"13",0,0,0,4.17438726989564,0,0,0,0,0,0,0,0,0,0,0,0,0,0,0,0,0,2.19722457733622,1,0
"14",0,0,1.38629436111989,0,0,0,0,0,0,0,0,0,0,0,0,0,0,0,0,0,0,0,1,0
"15",1.79175946922805,0,0,0,6.56526497003536,1.79175946922805,0,0,0.693147180559945,1.6094379124341,0,0,0,0,0,0,0,0,1.38629436111989,1.38629436111989,0,0,4,4.84372
"16",0,0,0,0,0,0,1.38629436111989,0,0,0,0,0,0,0,0,0,0,0,0,0,0,0,1,0
"17",5.09375020080676,0,5.34233425196481,4.07753744390572,4.15888308335967,2.484906649788,5.50125821054473,2.30258509299405,4.89783979995091,0,3.09104245335832,6.88346258641309,4.35670882668959,0,1.6094379124341,8.74369111054302,5.17614973257383,0,3.3322045101752,5.05624580534831,3,7.49886973397693,29,15.3228
"18",0,0,0,4.23410650459726,0,0,0,0,0,0,0,0,0,0,0,0,0,0,0,0,0,2.30258509299405,1,0
"19",0,0,0,5.96614673912369,0,0,0,4.02535169073515,3.68887945411394,0,5.64897423816121,0,0,0,1.79175946922805,1.94591014905531,3.8286413964891,0,0,0,0,4.79579054559674,4,7.7601
"20",0,3.2188758248682,0,3.2188758248682,0,0,0,0,1.94591014905531,0,0,0,0,0,0.693147180559945,0,0,4.23410650459726,0,0,0,2.77258872223978,1,3.36934
"21",0,0,0,0,0,0,0,0,0,0,0,5.07517381523383,0,0,0,5.40717177146012,0,0,0,0,1,0,1,1.05668
"22",0,1.79175946922805,0,3.80666248977032,1.09861228866811,0,2.63905732961526,1.94591014905531,0,0,0,0,0,0,1.6094379124341,3.25809653802148,0,1.09861228866811,0,0,0,3.43398720448515,1,0
"23",0,0,2.07944154167984,0,0,0,0,0,0,0,4.96284463025991,3.8286413964891,0,0,0,2.77258872223978,3.17805383034795,6.51323011091231,0,0,0,5.01063529409626,2,6.79581
"24",0,0,0,0,0.693147180559945,0,0,0,0,0.693147180559945,2.30258509299405,0,0,0.693147180559945,0,3.09104245335832,0,0.693147180559945,0,4.65396035015752,0,3.49650756146648,2,4.04276
"25",0,0,0,1.38629436111989,0,0,0,0,3.52636052461616,0,0,0,0,0,0,0,0.693147180559945,0,0,0,0,0,1,4.64163
"26",2.19722457733622,0,0,0,0,0,0.693147180559945,3.63758615972639,0,0,0,2.39789527279837,6.66440902035041,0,0,3.85014760171006,0,0,0,0,1,4.74493212836325,6,6.45548
"27",0,0,0,0,0,0,0,0,0,0,0,0,0,0,0,0,0,1.09861228866811,5.71042701737487,0,1,4.43081679884331,3,4.27148
"28",0,3.63758615972639,0,0,0,0,0,3.09104245335832,0,3.89182029811063,0,0,0,0,4.87519732320115,0,1.38629436111989,0,0,0,2,4.18965474202643,1,0
"29",0,0,0,2.484906649788,0,0,0,0,0.693147180559945,0,0,1.94591014905531,0,1.94591014905531,2.77258872223978,0.693147180559945,0.693147180559945,0,0,2.77258872223978,0,1.6094379124341,1,1.45568
"30",0,0,0,0,2.30258509299405,0,0,0,0,0,0,0,0,0,0,2.94443897916644,3.09104245335832,0,0,5.50125821054473,0,4.30406509320417,3,5.03827
"31",0,0,0,0,0,0,0,0,0,0,0,0,0,1.09861228866811,0,0,0,0.693147180559945,0,0,0,0,1,0
"32",0,1.94591014905531,0,0,0,0,0,0,0,0,0,0,0,0,0,0,0,0,0,0,0,0,1,0
"33",0,0,0,0,0,3.36729582998647,0,0,0,0,3.17805383034795,1.09861228866811,4.24849524204936,0,1.6094379124341,1.09861228866811,0,0,0,0,0,3.3322045101752,1,0
"34",0,0,0,3.89182029811063,0,0,0,0,0,0,0,0,0,0,0,0,0,1.6094379124341,0,0,0,1.94591014905531,1,0
"35",0,0,1.38629436111989,0,0,0,0,0,0,0,0,0,0,0,0,0,0,0,0,0,0,0,1,0
"36",0,2.94443897916644,0,1.09861228866811,0,0,0,0,0,0,0,0,0,0,0,0,0,0,0,0,0,1.38629436111989,1,0
"37",0,0,0,0,0,0,1.09861228866811,0,0,0,0,0,0,0,0,0,0.693147180559945,0,0,0,0,0,1,0
"38",0,0,0,0,0.693147180559945,0,0,0,0,3.61091791264422,0,0,0,1.09861228866811,3.80666248977032,0,0,0,0.693147180559945,0,0,2.99573227355399,5,8.71607
"39",0,0,4.72738781871234,0,0,4.34380542185368,0,0,0,4.52178857704904,0,0,0,0,7.38025578842646,0,0,0,0,5.09375020080676,0,5.40267738187228,16,16.4888
"40",0,0,0,1.6094379124341,3.58351893845611,2.56494935746154,0,5.96614673912369,0,0,0,0,0,5.32300997913841,0,0,0,7.63675211243578,0,0.693147180559945,4,6.06610809010375,14,16.8929
"41",0,0,0,0,1.79175946922805,0,1.38629436111989,1.94591014905531,0,0,0,4.61512051684126,0,5.04985600724954,0,5.81413053182507,0,3.80666248977032,0,1.38629436111989,0,4.61512051684126,6,7.43856
"42",3.17805383034795,0,0,3.71357206670431,2.56494935746154,2.70805020110221,0,4.26267987704132,0,2.19722457733622,0,0,0,2.07944154167984,2.19722457733622,3.17805383034795,4.56434819146784,0,0,0,1,0,7,10.0342
"43",0,0,5.48893772615669,0,0,5.09375020080676,4.20469261939097,0,0,5.54517744447956,0,0,0,0,6.53524127101366,0,0,0,4.96284463025991,0,3,6.05443934626937,24,21.7572
"44",0,0,0,0.693147180559945,0,0,0,0,0,0,0,0,0.693147180559945,0,0,0.693147180559945,0,0,0,4.77912349311153,0,3.80666248977032,2,3.20237
"45",0,0,0,0,0,4.17438726989564,0,0,0,2.63905732961526,0,0,0,0,0,0,3.85014760171006,0,1.38629436111989,0,1,0,8,10.6126
"46",0,0,0.693147180559945,0,0,0,0,0.693147180559945,0,0,0,0,0,0,0,2.19722457733622,0,0,0,3.58351893845611,0,2.39789527279837,0,3.36934
"47",0,3.89182029811063,4.14313472639153,0,0,5.18738580584075,0,0,0,0,1.6094379124341,1.94591014905531,5.35185813347607,0,0,2.70805020110221,3.49650756146648,0,0,7.87473912517181,1,6.22257626807137,3,5.51058
"48",1.09861228866811,1.38629436111989,0,2.94443897916644,0,0,0,4.14313472639153,5.24174701505964,0,0,0,0,2.83321334405622,1.79175946922805,0,0,4.48863636973214,2.484906649788,0,2,2.77258872223978,3,7.55192
"49",0,3.78418963391826,1.38629436111989,0,0,0,0,0,0,0,0,0,0,0,5.94017125272043,0,0,0,0,0,1,4.56434819146784,4,8.38997
"50",1.6094379124341,0,0.693147180559945,3.68887945411394,1.38629436111989,0,1.6094379124341,1.38629436111989,3.87120101090789,0,0,0,0,4.68213122712422,0,0,3.04452243772342,4.54329478227,0,0,1,4.02535169073515,2,5.57623
"51",0,4.4188406077966,4.56434819146784,0,0.693147180559945,0,0,2.19722457733622,3.40119738166216,0.693147180559945,0,0,0,0,0,0,4.52178857704904,0,0,0,0,4.59511985013459,2,4.89304
"52",1.09861228866811,0,2.07944154167984,0,0,0,0,0,0,0,0,0,1.94591014905531,0,0,0,2.39789527279837,0,0,5.55682806169954,0,4.14313472639153,3,5.00534
"53",0,1.6094379124341,0,0,0,0,0,0,0,0,0,0,0.693147180559945,0,0,0,0,0,0,0,0,0,1,0
"54",0,0,0.693147180559945,0,0,0,1.09861228866811,0,0,0,0,0,0,0,0,0,0,0,0,0,0,0,1,0
"55",0,0,4.27666611901606,0,0,0,0,0,0,0,0,0,4.89034912822175,0,0,0.693147180559945,0,0,0,5.68697535633982,0,4.00733318523247,3,5.63536
"56",4.71849887129509,0,0,0,0,0,0,0,0,4.9416424226093,0,0,0,0,3.78418963391826,0,0,2.63905732961526,0,0,2,4.15888308335967,5,11.4018
"57",0,0,0,0,1.09861228866811,0.693147180559945,0,0,0,3.17805383034795,0,0,0,0,0,0,0,0,4.0943445622221,1.38629436111989,1,3.46573590279973,5,6.46017
"58",0,0,0,3.40119738166216,0,0,0,1.38629436111989,2.99573227355399,0,3.76120011569356,0.693147180559945,2.70805020110221,0,0,0,1.38629436111989,0,0,0,0,2.94443897916644,1,0
"59",0,0,0,0,6.40025744530882,4.67282883446191,0,0,0,0,0,0,0,0,5.05624580534831,0,4.31748811353631,0,0,0,0,5.24174701505964,9,10.3796
"60",0,0,0,1.94591014905531,0,0,0,0,0,0,0,4.02535169073515,0,0,0,0,0,5.17614973257383,0,0,0,4.30406509320417,1,1.80545
"61",0,3.04452243772342,0,0,1.09861228866811,0,0,0,0,0,0,0,0,0,0,0,0,0,0,0,0,1.38629436111989,1,0
"62",0,4.43081679884331,1.38629436111989,0,0,0,0,0,6.70073110954781,0,0,0,0,0,0,0,0,0,0,0,1,5.38449506278909,3,7.23572
"63",0,0,0,2.70805020110221,0,0,2.70805020110221,0,0,0,0,2.83321334405622,1.79175946922805,4.969813299576,3.63758615972639,0,0,0,0,6.20657592672493,1,4.83628190695148,4,10.1322
"64",2.07944154167984,0,2.99573227355399,0,1.09861228866811,5.13579843705026,3.2188758248682,0,0,5.0998664278242,1.09861228866811,1.94591014905531,0,2.07944154167984,2.56494935746154,1.6094379124341,7.62021477057445,4.35670882668959,0,0,1,6.00141487796115,4,8.19537
"65",0,1.94591014905531,0,0,0,0,0,0,0,0,0,0,0,0,0,0,0,0,0,0,0,0,1,0
"66",0,0,0,5.02388052084628,4.54329478227,0,0,0,0,0,0,0,0,4.62497281328427,4.63472898822964,4.36944785246702,2.89037175789616,0,0.693147180559945,3.46573590279973,3,5.04985600724954,6,3.66794
"67",0,0,1.09861228866811,0,0,0,0,0,0,0,0,0,0,0,0,0,0,0,0,0.693147180559945,0,0,1,0
"68",0,0,0,0,0,0,0.693147180559945,0,0,0.693147180559945,0,0,0,0,1.38629436111989,0,0,0,0,0,0,0,1,0
"69",0,0,0,0,0,0.693147180559945,0,0,0,0,0,0,0,0,4.77912349311153,0,0.693147180559945,0,0,0,1,3.61091791264422,2,4.23984
"70",0,2.89037175789616,0,0.693147180559945,0,0,0,0,0,0,0,0,0,0,0,0,1.09861228866811,0,0,0,0,1.38629436111989,1,0
"71",0,0,3.63758615972639,0,0,0,6.48920493132532,0,0,0,0,0,3.46573590279973,0,0,0,0,0,0,0,0,5.03695260241363,1,0
"72",2.83321334405622,1.09861228866811,0,0,0,4.62497281328427,0,0,3.09104245335832,0,0.693147180559945,0,0,0,1.09861228866811,0,0,0,1.94591014905531,0.693147180559945,0,3.91202300542815,1,1.5526
"73",0,0,0,0,0,0,0,0,0,0,0,0,0,0,1.79175946922805,0,0,0,0,0,0,0,1,0
"74",1.38629436111989,0,0,0,0.693147180559945,0,0,0,1.6094379124341,0,1.09861228866811,0.693147180559945,0,6.35088571671474,0,0,0,0,1.94591014905531,0,1,4.70953020131233,2,2.66716
"75",4.17438726989564,0,0,0,0,0,0,0,0,0,0,3.25809653802148,0,0,0,2.39789527279837,3.17805383034795,2.63905732961526,4.39444915467244,4.11087386417331,0,4.04305126783455,1,1.80545
"76",0,0,0.693147180559945,3.49650756146648,0,0,0,0,0,0.693147180559945,6.10924758276437,4.46590811865458,0,0,0,4.61512051684126,5.8406416573734,0,4.00733318523247,0,0,5.19849703126583,5,8.37205
"77",0,0,0,0,0,0,3.66356164612965,0,0,0,6.34738920965601,0,0.693147180559945,0,0.693147180559945,0,0,0,0,0,0,4.46590811865458,2,1.00337
"78",0,0,0,2.484906649788,0,0,3.66356164612965,1.09861228866811,0,0,4.12713438504509,3.29583686600433,0,0,0,0,0,0,0,4.90527477843843,0,3.91202300542815,2,5.32311
"79",0,0,0,0,0.693147180559945,0,0,3.04452243772342,3.29583686600433,8.79133399330135,0,0,0,0,6.85646198459459,0.693147180559945,0,5.34710753071747,1.94591014905531,0,3,7.34213173058472,58,36.0219
"80",1.38629436111989,1.09861228866811,0,0,0,0,0,0,0,0,0,0,0,0,0,0,0,0,0,0,0,0,1,0
"81",0,0,0,4.15888308335967,0,0,0,0,0,0,0,0,0,0,0,0,0.693147180559945,0,0,0,0,2.19722457733622,1,0
"82",0,0.693147180559945,0,0,0,0,0,0,0,0,0,1.38629436111989,0,0,0,6.84800527457636,0,0,0,0,0,5.15905529921453,2,3.61726
"83",0,0,1.6094379124341,0,0,4.04305126783455,0,2.89037175789616,4.06044301054642,0,0,0,0,0,4.23410650459726,0,0,0,0,0,2,3.36729582998647,3,1.782
"84",0,0.693147180559945,0,0,0,0,1.09861228866811,0,0,0,0,0,0,0,0,0,0,0,0,0,0,0,1,0
"85",0.693147180559945,3.36729582998647,0,0,0,0,0.693147180559945,0,0,0,0,0,0,0,0,0,0,0,0,0,0,1.6094379124341,1,0
"86",0,0,0,0,8.78124833323686,3.17805383034795,0.693147180559945,0,3.89182029811063,1.09861228866811,0,0,0,3.8286413964891,3.91202300542815,1.09861228866811,0,0,4.06044301054642,2.63905732961526,13,7.13169851046691,58,33.736
"87",0,4.49980967033027,0.693147180559945,0,0,0,0,0,6.51619307604296,0,0,0,2.484906649788,0,0,0,0,0,0,0,1,5.23110861685459,2,7.2789
"88",2.99573227355399,2.484906649788,0.693147180559945,0,0,1.09861228866811,1.09861228866811,0,4.94875989037817,0,0,0,0,0,0,0,0,0,0,0,0,3.43398720448515,0,3.36934
"89",0,0,0,0,2.94443897916644,1.94591014905531,0,0.693147180559945,4.07753744390572,0,0,0,0,0,0,0,2.83321334405622,0,0,0,0,1.94591014905531,1,2.99799
"90",0,0,0,4.21950770517611,0,0,0,0,0,0,0,0,0,0,0,0.693147180559945,0,0,0,0,0,2.30258509299405,1,0
"91",0.693147180559945,0,3.3322045101752,0,0,0,2.63905732961526,0,0,0,0,0,6.53958595561767,0.693147180559945,0,0,3.55534806148941,0,0,0,0,4.98360662170834,1,0
"92",0,0,2.83321334405622,0,0,0.693147180559945,1.6094379124341,4.02535169073515,4.52178857704904,0,0,5.4249500174814,0,0,0,0,0,0.693147180559945,0,0,0,3.43398720448515,3,5.74218
"93",0,0,0,2.30258509299405,0,0,0,0,0,0,0,0,0,0,0.693147180559945,0,0,0,0,0,0,2.07944154167984,1,0
"94",1.09861228866811,0,0,2.63905732961526,0,0,1.6094379124341,0,0,0,5.5683445037611,0,0,0,0,3.85014760171006,0,0,0,0,0,4.12713438504509,2,3.47713
"95",3.55534806148941,0,2.56494935746154,0,0,0,0,1.38629436111989,0,1.38629436111989,0,3.46573590279973,0,0,1.38629436111989,1.79175946922805,4.34380542185368,6.15909538849193,0,4.35670882668959,0,5.15329159449778,2,2.8028
"96",1.94591014905531,0,0,0,0,0,1.09861228866811,0,0,0,5.30826769740121,0,0,0,0,0,0.693147180559945,0,0,0,0,3.87120101090789,1,2.23731
"97",0,0,0,0,0,0,0,0,0,5.89164421182577,0,0,0,0,6.18001665365257,0,0,0,6.57786135772105,0,4,5.51745289646471,13,19.4467
"98",0,0,0,4.26267987704132,0,0,0,0,0,0,0,0,0,0,0,0,0,0,0,0,0,2.484906649788,1,0
"99",0.693147180559945,1.09861228866811,6.12686918411419,0,0,0,0,0.693147180559945,6.42162226780652,0,0,0,0,0,0,0,0,0,0,0,1,4.34380542185368,2,5.38882
"100",0,0.693147180559945,7.04315991598834,0,0,0,1.09861228866811,0,0,5.10594547390058,0,0,0,0,6.65544035036765,0,0,0,4.53259949315326,0,1,6.21860011969173,22,18.2652
"101",3.95124371858143,0,0,0,0,0,3.40119738166216,0,6.38687931936265,0,0,0.693147180559945,1.09861228866811,4.31748811353631,0,0.693147180559945,0,1.09861228866811,0,0,0,4.80402104473326,2,7.71238
"102",0,0,0,4.17438726989564,0,0,0,0,0,0,0.693147180559945,0,0,2.77258872223978,0,0,0,0,0,0,0,1.38629436111989,1,2.80848
"103",0,1.09861228866811,0.693147180559945,3.09104245335832,0,3.40119738166216,3.43398720448515,0,4.34380542185368,3.89182029811063,0,0,0,0,4.18965474202643,0,0.693147180559945,0,0,0,0,3.89182029811063,4,10.8639
"104",0,0,0,0,0,4.46590811865458,0,0.693147180559945,3.71357206670431,0,0,0,0,0,0,0,0,0,0,4.21950770517611,0,4.24849524204936,1,2.55158
"105",0,1.09861228866811,0,2.63905732961526,1.6094379124341,0,0,0,0,0,4.4188406077966,4.86753445045558,0,3.85014760171006,0,4.7361984483945,4.04305126783455,0,0,2.07944154167984,1,4.40671924726425,1,1.45568
"106",2.30258509299405,0,0,3.61091791264422,1.38629436111989,1.09861228866811,1.94591014905531,0,3.63758615972639,0,0,0,0,4.75359019110636,0.693147180559945,0,0.693147180559945,4.69134788222914,1.38629436111989,0,2,4.64439089914137,5,11.0202
"107",0,0,0,3.97029191355212,0,0,0,0,0,0,0,0,0,0,0,0,0,0,0,0,0,1.94591014905531,1,0
"108",0,0,2.39789527279837,3.98898404656427,0,0,2.56494935746154,0,0,2.63905732961526,0,1.38629436111989,0,0,0,0,3.58351893845611,0.693147180559945,3.17805383034795,0,1,3.68887945411394,4,9.84115
"109",5.54907608489522,0,2.30258509299405,0,0,0,4.0943445622221,5.57594910314632,0,0,0,0,0,7.09340462586877,0,0,0,0,0,0,1,5.82008293035236,10,13.8863
"110",0,0,0,0,0.693147180559945,0,0,0,0,0,0,0,0,1.79175946922805,0,4.82028156560504,0,0,0,3.97029191355212,0,3.89182029811063,7,6.72719
"111",0,0,1.09861228866811,0,0,0,1.94591014905531,0,0,0,0,7.13089883029635,0,0,1.09861228866811,0,0,0,0,1.79175946922805,0,5.68697535633982,3,2.71633
"112",0,0,0,0,0,0,0,0,0,3.04452243772342,0,0,0,0,3.63758615972639,0,0,0,0,0,0,2.63905732961526,1,0
"113",3.87120101090789,0,0,4.74493212836325,0,0,0,0,0,0,0,0,0,3.91202300542815,0,4.35670882668959,0,5.87211778947542,0,0,2,4.969813299576,3,5.55183
"114",0,0,0,0,0.693147180559945,0.693147180559945,1.09861228866811,5.62762111369064,0,0,0,1.38629436111989,0,6.45833828334479,0,0,0,0,0,0,2,4.89783979995091,3,5.71254
"115",0,4.57471097850338,0,0,3.78418963391826,0,0,1.79175946922805,0,3.40119738166216,0,0,0,0.693147180559945,1.38629436111989,1.38629436111989,0,0,4.0943445622221,0,1,3.8286413964891,1,3.38341
"116",1.09861228866811,0.693147180559945,0,0,0,2.19722457733622,4.23410650459726,0,0,0,0,6.55535689181067,0,0,1.09861228866811,1.38629436111989,0,0,1.09861228866811,0,0,4.53259949315326,3,2.71633
"117",0,0,0,1.6094379124341,0,0,0,0.693147180559945,0,0,0,0,0,2.19722457733622,0,4.61512051684126,0,0,0,0,1,2.56494935746154,2,2.23731
"118",0,0,0,5.27811465923052,0.693147180559945,0,0,0,0,1.09861228866811,0,0,0,0,0,0,0,5.46383180502561,0,2.19722457733622,0,4.69134788222914,12,12.6435
"119",2.484906649788,0.693147180559945,0,4.56434819146784,3.58351893845611,0,0,0,2.70805020110221,0,3.04452243772342,0,0.693147180559945,0,0,4.20469261939097,1.38629436111989,0,1.6094379124341,6.00635315960173,2,4.02535169073515,5,9.83384
"120",0,1.38629436111989,0,3.91202300542815,0,0,0,0,0,0,0,0,0,0,0,0,0,0,0,0,0,1.94591014905531,1,0
"121",0,1.6094379124341,0,0,0,0,0,0,0,0,0,0,0,0,0,0,0,0,0,0,0,0,1,0
"122",0,0,2.70805020110221,4.29045944114839,0,0,0,0,0,0,1.6094379124341,0,0,0.693147180559945,0.693147180559945,0,0,0,0,0,0,2.77258872223978,1,1.11258
"123",0,0,0,1.09861228866811,0,0,0.693147180559945,2.56494935746154,0,0,6.11368217983223,0,3.71357206670431,4.26267987704132,4.48863636973214,2.484906649788,0,0,0,0,1,4.87519732320115,3,1.53632
"124",0,0,0,0,0,0,1.38629436111989,0,0,0,0,0,0,0,0,0,0,0,0,0,0,0,1,0
"125",0,0.693147180559945,0,0,0,0,0,0,0,0,0,0.693147180559945,0,0,3.52636052461616,1.09861228866811,1.09861228866811,0,2.30258509299405,0,1,2.70805020110221,1,3.66738
"126",0,1.6094379124341,0,2.83321334405622,0,4.56434819146784,0,0,1.09861228866811,0,5.55295958492162,3.78418963391826,0,3.71357206670431,0,0,4.7361984483945,6.24416690066374,0,2.63905732961526,1,5.28320372873799,5,7.90097
"127",0,0,3.93182563272433,0.693147180559945,0,0,0,0,0.693147180559945,0,0,0,0.693147180559945,0.693147180559945,0,7.36327958696304,3.04452243772342,0,0,4.58496747867057,2,5.50125821054473,20,15.1537
"128",3.76120011569356,4.07753744390572,0,0.693147180559945,0,3.17805383034795,0,0.693147180559945,0,0,5.56452040732269,2.19722457733622,7.06987412845857,0,0,0,0.693147180559945,0,0,0,1,5.91350300563827,1,0
"129",4.38202663467388,2.39789527279837,0,0,0,0,0,0,0,0,6.50727771238501,0,7.12689080889881,0,0.693147180559945,0,0,0,0,0,1,5.99146454710798,1,0
"130",0,2.63905732961526,0,3.46573590279973,0,0.693147180559945,0,0,0,0,1.09861228866811,4.4188406077966,0,5.46383180502561,0.693147180559945,4.7361984483945,0,0,0,0,0,4.55387689160054,1,1.27192
"131",2.484906649788,0,0,0,3.46573590279973,0,0,0,0,0,0,4.26267987704132,0,0,0,6.51025834052315,2.484906649788,0,0,0,0,5.08140436498446,6,3.20728
"132",0,0,0,0,0,2.07944154167984,0,0,0,0,4.52178857704904,0,1.38629436111989,3.13549421592915,0,0,0,0,0,0.693147180559945,0,2.99573227355399,2,0.816746
"133",0.693147180559945,0,0,0,0,1.38629436111989,3.61091791264422,0,0,0,0,1.94591014905531,1.6094379124341,0.693147180559945,0,3.58351893845611,0,0,0,0,0,3.36729582998647,2,2.99956
"134",0.693147180559945,3.29583686600433,0,0,0,0,0,0,0,0,0,0,0,0,0,0,1.09861228866811,0,0,0,0,1.6094379124341,1,0
"135",0,0,0,0,0,0,1.38629436111989,0,0,0,0,0,0,0,0,0,0,0,0,0,0,0,1,0
"136",0,1.94591014905531,0,0,0,0,0,0,0,0,0,0,0,0,0,0,0,0,0,0,0,0,1,0
"137",4.98360662170834,2.56494935746154,0.693147180559945,3.17805383034795,0,0.693147180559945,0,0,3.04452243772342,2.19722457733622,2.39789527279837,0,3.49650756146648,0,5.11799381241676,5.6937321388027,4.15888308335967,4.77912349311153,3.52636052461616,0.693147180559945,1,5.29330482472449,7,7.74631
"138",0,0,0,0,0,0,0,0,0,0,0,0,0,0,0,4.77912349311153,0,0,1.09861228866811,2.77258872223978,0,3.3322045101752,0,0
"139",0.693147180559945,0,0,0,2.484906649788,2.83321334405622,0,1.6094379124341,0,0,0,3.8286413964891,0,0,0,4.55387689160054,0,3.2188758248682,0,0,0,3.49650756146648,2,1.23279
"140",0,3.46573590279973,0,0,0,0,0,0,0,0,5.15329159449778,0.693147180559945,0,4.61512051684126,0,5.84932477994686,0,0,3.58351893845611,0,0,4.68213122712422,9,12.8303
"141",0,0,0,3.97029191355212,0,0,0,0,0,0,0,0,0,0,0,0,0,0,0,0,0,1.94591014905531,1,0
"142",1.09861228866811,0,0,5.37527840768417,0,0,0,2.70805020110221,2.99573227355399,1.38629436111989,3.55534806148941,0,4.81218435537242,0,0.693147180559945,6.12029741895095,4.61512051684126,0,3.17805383034795,3.13549421592915,2,5.35185813347607,5,11.2716
"143",0,1.38629436111989,0,6.2841341610708,0,0,0,5.98141421125448,1.09861228866811,0,0,0,0,4.30406509320417,2.70805020110221,0,0,6.4118182677099,5.27299955856375,0,7,6.12468339089421,29,25.1033
"144",0,0,1.09861228866811,0,0,0,0.693147180559945,0,0,0,0,0,0,1.09861228866811,1.38629436111989,5.37527840768417,0,0.693147180559945,0,5.6937321388027,2,4.94875989037817,5,5.09245
"145",0,3.04452243772342,0,0,0,0,0,0,0,2.39789527279837,0,0,0,0,4.04305126783455,0,3.68887945411394,1.09861228866811,0,0,1,3.43398720448515,1,0
"146",0,0.693147180559945,0,0,8.78783082925876,2.99573227355399,0.693147180559945,0,3.93182563272433,2.30258509299405,0,0,0,2.89037175789616,0.693147180559945,0,0,2.30258509299405,4.46590811865458,1.6094379124341,5,7.26892012819372,13,20.7622
"147",0,3.40119738166216,0,0,0,0,0,0,0,0,0,0,0,0,0,0,0,0,0,0,0,1.6094379124341,1,0
"148",3.73766961828337,0,5.42934562895444,0,6.85329909318608,0,4.89783979995091,0,0,0,0,0,3.55534806148941,0,0,0,3.46573590279973,0,0,0,0,5.66988092298052,4,11.5097
"149",3.04452243772342,0,0.693147180559945,4.7361984483945,0,3.68887945411394,0,0,0,0.693147180559945,4.92725368515721,0,0,0,0,4.27666611901606,3.89182029811063,0,0,4.23410650459726,2,4.93447393313069,3,3.74492
"150",0,0,0,3.40119738166216,0,5.74300318780948,0.693147180559945,0,0,0,4.59511985013459,0,0,0,0,0,0,0,0,4.77912349311153,0,4.58496747867057,1,2.23731
"151",2.07944154167984,0,6.90173720665657,0.693147180559945,0,0.693147180559945,0,0,0,4.75359019110636,0,0,0,0,7.02642680869964,0,0,0,4.75359019110636,4.81218435537242,2,6.3919171133926,20,21.5348
"152",0,0,0,0,0,0,0,0.693147180559945,0,0,6.4707995037826,0,3.93182563272433,1.38629436111989,0,0,0,2.70805020110221,0,3.68887945411394,0,4.8283137373023,3,1.38948
"153",3.13549421592915,0,0,0,0,0,3.91202300542815,1.94591014905531,6.44730586254121,0,0,0,0,0,0,1.38629436111989,0,4.07753744390572,0,4.04305126783455,0,5.20948615284142,9,12.3019
"154",0,2.19722457733622,0,0,0,0,0,0,0,0,4.27666611901606,0,2.77258872223978,0,0.693147180559945,0,3.3322045101752,0,0,0,0,0,2,0.894814
"155",0,4.30406509320417,2.39789527279837,0,0,0,5.26785815906333,0,0,2.63905732961526,0,0,0,5.32300997913841,0,0,0,0,0,0,2,4.48863636973214,2,7.82058
"156",0,0,0,4.34380542185368,0,0,0,0,0,0,0,0,0,0.693147180559945,0,0,1.94591014905531,1.38629436111989,0,0,0,2.77258872223978,1,0
"157",4.69134788222914,1.09861228866811,3.89182029811063,4.14313472639153,4.51085950651685,0,5.89989735358249,3.40119738166216,2.70805020110221,0.693147180559945,0.693147180559945,6.30261897574491,2.30258509299405,0,1.94591014905531,1.79175946922805,3.52636052461616,0,0.693147180559945,3.49650756146648,0,5.37063802812766,5,9.49506
"158",0,0,0,0,4.92725368515721,0,6.49978704065585,3.29583686600433,0,0,0,0,0,0,0,0,3.55534806148941,2.484906649788,0,0,0,3.52636052461616,6,9.9193
"159",0,0.693147180559945,0,5.27811465923052,0,4.61512051684126,0,5.4510384535657,1.09861228866811,2.63905732961526,0,3.73766961828337,0,0,6.1779441140506,0,0,6.45047042214418,6.53378883793334,2.56494935746154,7,6.2841341610708,40,27.5814
"160",0,0,0,1.09861228866811,0,0,0,0,0,0,4.20469261939097,0,0,0,0,0,0,0,1.38629436111989,0,0,2.07944154167984,2,2.7276
"161",0,0,0,2.39789527279837,1.09861228866811,0.693147180559945,3.97029191355212,3.04452243772342,0,0,4.06044301054642,0,2.30258509299405,1.94591014905531,0,0.693147180559945,3.13549421592915,0,0,6.6682282484174,1,5.44673737166631,6,10.7773
"162",0,0,1.09861228866811,0,0,0,0,0,0,0,0,0,0,0,0,0,0,0,0,0,0,0,1,0
"163",0,0,0,0,0,0,1.38629436111989,0,0,0,0,0,0,0,0,0,0,0,0,0,0,0,1,0
"164",0,1.6094379124341,0,0,0.693147180559945,0,0,0,0,0,0,0,0,0,0,0,0,0,0,0,0,0,1,0
"165",2.30258509299405,0,0,7.44833386089748,0,0,4.20469261939097,0,0,2.19722457733622,0,0,0,0,0,0,1.79175946922805,2.89037175789616,7.62217459481762,4.14313472639153,4,6.76041469108343,45,27.0966
"166",0,0,0,0,0,0.693147180559945,0,0,0,2.19722457733622,0,1.6094379124341,0,0.693147180559945,4.56434819146784,0,0,0,4.85203026391962,0,1,4.12713438504509,4,8.59336
"167",0,0,0,0,0,0,0,0,0,0,0.693147180559945,0,1.09861228866811,5.60947179518496,0,6.23441072571837,0,0,0,0,0,4.70953020131233,4,6.60072
"168",2.07944154167984,0,0.693147180559945,0,0,2.07944154167984,0,4.66343909411207,4.83628190695148,0,0,0,0,3.09104245335832,0,0,1.38629436111989,0,0.693147180559945,0,2,2.70805020110221,3,8.29275
"169",0,0,0,6.42162226780652,0,0,4.75359019110636,0,0,0,7.38956395367764,0,0,0,0,0,0,0,0,2.77258872223978,1,5.97635090929793,9,10.4053
"170",0,0,0,5.88610403145016,0,0,0,0,0,2.30258509299405,0,0,0,0,1.79175946922805,0,0,0,5.12396397940326,0,1,4.72738781871234,3,6.22347
"171",3.66356164612965,0,4.18965474202643,3.36729582998647,1.38629436111989,3.66356164612965,0,0,0,0,0,0,1.38629436111989,4.17438726989564,0,4.38202663467388,3.43398720448515,0,0,5.78382518232974,2,5.13579843705026,3,7.01743
"172",4.84418708645859,0,0.693147180559945,5.08759633523238,1.09861228866811,0,1.38629436111989,1.79175946922805,0,0,0.693147180559945,0,0,4.63472898822964,0,4.12713438504509,0,2.99573227355399,0,6.52209279817015,1,5.30330490805908,6,15.226
"173",0,0,0,0,0,0,0,0,0,0,0,0,2.63905732961526,3.25809653802148,0,4.20469261939097,0,2.39789527279837,0,2.07944154167984,0,2.63905732961526,0,3.36934
"174",0,0,0,3.98898404656427,0,0,0,0,0,0.693147180559945,4.45434729625351,0,0,0,0,0,0,0,0,0,0,3.17805383034795,2,4.04276
"175",3.85014760171006,0,2.77258872223978,6.6052979209482,0,6.05678401322862,0,7.88193748927207,3.71357206670431,0,1.94591014905531,1.79175946922805,0,3.3322045101752,4.45434729625351,0.693147180559945,3.49650756146648,6.20253551718792,2.19722457733622,5.16478597392351,10,6.5694814204143,28,30.3698
"176",0,0,4.46590811865458,0,0,0,0,2.70805020110221,0,0,0,0,4.7361984483945,0,0,0,0,0,0,5.65248918026865,0,4.00733318523247,3,5.63536
"177",0.693147180559945,0,0,0.693147180559945,0,0,0,0,0,0,0,0,0,0,1.6094379124341,0,0,0,0,0,0,0,1,0
"178",0,0,0,0,0,0,1.09861228866811,0.693147180559945,0,0,0,0,0,0,0,0,0,0,0,0,0,0,1,0
"179",0,0,1.09861228866811,0,0,0,0.693147180559945,0,0,0,0,0,0,0,0,0,0,0,0,0,0,0,1,0
"180",0.693147180559945,0,0,3.49650756146648,0.693147180559945,5.47227067367148,0,0,0,0,4.34380542185368,0,0,1.79175946922805,0,3.09104245335832,1.09861228866811,0,2.19722457733622,4.26267987704132,0,4.49980967033027,1,2.23731
"181",0,0,0,4.23410650459726,0,0,0,0,0,0,0,0,0,0,0,0,0,0,0,0,0,2.30258509299405,1,0
"182",0,0,0,1.09861228866811,0,0,2.484906649788,0,5.75574221358691,0,0,0,0,0,2.07944154167984,0,0.693147180559945,0,0.693147180559945,1.6094379124341,0,4.15888308335967,3,8.89851
"183",0,2.39789527279837,0,2.19722457733622,0,0,0,0,0,0,0,0,0,0,0,2.07944154167984,2.19722457733622,0,0,0,0,1.94591014905531,1,0
"184",0,0,0,4.65396035015752,1.09861228866811,0.693147180559945,0,0,0,1.79175946922805,0,0,0,1.79175946922805,2.63905732961526,0,0,0,0,0,0,3.29583686600433,1,0
"185",0,0,0,0,0,2.07944154167984,0,0,0,0.693147180559945,1.94591014905531,0.693147180559945,2.83321334405622,0.693147180559945,0,0,0,2.19722457733622,1.09861228866811,1.09861228866811,0,0,1,0
"186",5.22035582507832,0,0,0,5.90536184805457,1.6094379124341,4.47733681447821,2.63905732961526,2.19722457733622,0,0,7.14598446771439,0,5.95064255258773,5.40267738187228,7.9585769038139,3.71357206670431,7.30988148582479,2.83321334405622,1.94591014905531,4,7.10496544826984,78,38.2812
"187",3.73766961828337,0.693147180559945,1.94591014905531,0,0,0,2.39789527279837,0,0.693147180559945,0,0,0,3.40119738166216,0,5.96100533962327,0.693147180559945,0,0,0,0,1,4.40671924726425,1,6.91692
"188",0,0,0,0,0,0,0,0,0,7.14045304310116,0,0,0,0,3.40119738166216,0,0,0,3.97029191355212,0,0,4.87519732320115,9,16.5442
"189",0,2.89037175789616,0,3.61091791264422,2.07944154167984,0,0,0,0,0,4.21950770517611,4.56434819146784,0,0.693147180559945,0,3.61091791264422,0,3.89182029811063,0,0,1,4.23410650459726,1,2.23731
"190",0,3.13549421592915,0,0,0,0,0,0,0,0,0,0,0,0,0,0,0,0,0,0,0,1.38629436111989,1,0
"191",0,0,0,2.83321334405622,0,0,0,1.09861228866811,0,0,0,1.6094379124341,0,0,0,2.19722457733622,0,0,0.693147180559945,5.73009978297357,1,3.8286413964891,4,7.8367
"192",0,0,0,0,0.693147180559945,0,0,3.97029191355212,5.06259503302697,0,0,0,0,0.693147180559945,1.38629436111989,0.693147180559945,0,0,0,0,2,2.63905732961526,3,7.23232
"193",0,2.63905732961526,0,4.53259949315326,0,0,0,0,0,0,0,0,0,0,0,2.39789527279837,0,3.09104245335832,0.693147180559945,1.79175946922805,1,3.89182029811063,1,1.28035
"194",6.17378610390194,2.19722457733622,2.19722457733622,0,0,0,4.44265125649032,0,0,1.38629436111989,0,0,0,0,0,0,0,0,0,3.36729582998647,1,4.64439089914137,5,8.96461
"195",2.30258509299405,0,0,3.29583686600433,0,5.4380793089232,2.30258509299405,5.7268477475872,6.86484777797086,0,0,0.693147180559945,0,2.30258509299405,1.94591014905531,0,2.19722457733622,0,0,3.87120101090789,0,5.76519110278484,14,12.9001
"196",4.31748811353631,0,0.693147180559945,0,0,0,0,0,0,0.693147180559945,0,0,0,0,1.38629436111989,0,0,0,0,0,0,2.39789527279837,1,4.6384
"197",0,0,1.09861228866811,0,0,0,0,0,0,0,0,0,0,0,0,0,0,0,0,0,0,0,1,0
"198",5.85220247977447,2.99573227355399,0,6.89568269774787,0,0,0,0,1.09861228866811,3.43398720448515,0,4.79579054559674,0,1.6094379124341,0,0,0,1.09861228866811,1.6094379124341,0,0,3.87120101090789,3,5.37258
"199",0,0,0,0,0,0.693147180559945,6.97260625130175,1.6094379124341,0,0,0,0,0,0,0.693147180559945,0,0,0,0.693147180559945,0,0,5.65599181081985,2,4.04276
"200",0,0.693147180559945,0,3.87120101090789,0,0,0,1.09861228866811,0,0.693147180559945,0,0,0,0,0,0,0,0.693147180559945,0,0,0,1.94591014905531,1,0
"201",0,0,0,1.38629436111989,0,3.04452243772342,0,0,0,2.484906649788,0,0,0,0,4.75359019110636,2.07944154167984,0,0,0,0,1,3.52636052461616,3,4.60695
"202",0.693147180559945,4.15888308335967,0,0,0,2.19722457733622,0,0,0,0,6.9037472575846,1.6094379124341,3.36729582998647,5.30826769740121,2.70805020110221,4.86753445045558,3.43398720448515,0,0,0,2,5.31811999384422,4,2.6703
"203",5.00394630594546,0,5.03695260241363,0,0,0,0,0,0,4.95582705760126,0,5.02388052084628,0,0.693147180559945,4.99043258677874,5.99396142730657,7.59890045687141,0,3.55534806148941,5.6021188208797,0,6.4150969591716,11,11.7006
"204",0.693147180559945,0,0,0,0,0,0,1.09861228866811,0,3.17805383034795,0,0,0.693147180559945,0,4.14313472639153,0,1.09861228866811,0.693147180559945,3.55534806148941,0,1,3.52636052461616,3,5.41761
"205",0,0,6.19644412779452,2.484906649788,0,0,0,0,6.67959918584438,2.77258872223978,0,0,0.693147180559945,0,0,0,0,0,0,0,1,4.51085950651685,4,9.006
"206",0,4.4188406077966,0,0,0,0,0,0,0,0,5.57972982598622,0,0.693147180559945,0,0,0,0,0,0,0,1,2.39789527279837,1,0
"207",0.693147180559945,0,0,3.71357206670431,0,0.693147180559945,0,0,0,0,0,0,0,0,1.09861228866811,0,0,0.693147180559945,4.77068462446567,0,1,3.66356164612965,3,4.27148
"208",1.38629436111989,0,0,4.14313472639153,0,3.09104245335832,0,7.3790081276283,1.79175946922805,0,0.693147180559945,4.46590811865458,0,7.83320394864106,2.19722457733622,0,0.693147180559945,4.12713438504509,0,4.34380542185368,4,6.48463523563525,11,15.07
"209",0,0,0,3.97029191355212,0,0,0,0,0,0,0,0,0,0,0,0,0,0,0,0,0,1.94591014905531,1,0
"210",0,0,0.693147180559945,0,0,0.693147180559945,5.40717177146012,0,0,0,0,3.91202300542815,0,0.693147180559945,0,5.14749447681345,3.40119738166216,0,0,3.91202300542815,0,4.69134788222914,2,2.90044
"211",0,0,0,0,0,0,0,0,2.19722457733622,5.6970934865054,0,0,0,0.693147180559945,3.95124371858143,0,1.79175946922805,0,0,0,0,4.58496747867057,5,5.80382
"212",5.13579843705026,0,0,0,0,0,2.83321334405622,0,0,2.89037175789616,0,0.693147180559945,1.38629436111989,0,0,0,0,0.693147180559945,1.09861228866811,0,1,3.80666248977032,0,0
"213",0,0,0,0,0,0,0,0,0,0,0,0,0,0.693147180559945,0,4.76217393479776,0,0,2.19722457733622,0,0,1.94591014905531,0,3.36934
"214",0,0,0,4.17438726989564,0,0,0,0.693147180559945,0,2.56494935746154,0,0,0,0,0,0,3.09104245335832,0,2.07944154167984,0,1,3.36729582998647,3,6.16292
"215",2.56494935746154,0,0,0,0,0,0,4.15888308335967,4.06044301054642,0,0,1.09861228866811,0,2.83321334405622,0,0,0,0.693147180559945,0,0,2,1.6094379124341,4,5.15419
"216",4.36944785246702,0,0,5.8348107370626,0,0,1.6094379124341,0,0,0,0,0,0,0,2.63905732961526,4.91998092582813,2.484906649788,0,0,3.76120011569356,2,4.90527477843843,7,6.72772
"217",0,0.693147180559945,0,2.63905732961526,3.13549421592915,0.693147180559945,4.35670882668959,0,0,2.89037175789616,4.31748811353631,3.80666248977032,0,5.2257466737132,2.94443897916644,5.15329159449778,5.59471137960184,0,0,0,3,4.8283137373023,5,6.31789
"218",5.28826703069454,0,0,0,0.693147180559945,0,0,0,4.24849524204936,0,1.38629436111989,4.02535169073515,0,0,2.56494935746154,5.23644196282995,5.86929691313377,4.80402104473326,4.30406509320417,0.693147180559945,2,1.94591014905531,18,16.069
"219",0.693147180559945,3.80666248977032,0,0,0,0,0,4.44265125649032,5.11799381241676,0,0,0,0,0,0,0,0,0,0,0,1,4.0943445622221,3,6.88373
"220",1.38629436111989,0,0,0,0,5.3890717298165,0,0,0,0,5.50938833662798,2.19722457733622,3.68887945411394,3.73766961828337,3.63758615972639,4.58496747867057,3.13549421592915,0,0,0,0,4.35670882668959,6,4.27896
"221",2.30258509299405,2.484906649788,4.93447393313069,0,0,0,0,0,0,0,6.4831073514572,0,2.484906649788,0,3.17805383034795,0,0,1.79175946922805,0,0,1,5.34710753071747,1,0
"222",2.39789527279837,0,6.32793678372919,0,5.75257263882563,0,0,0,0,0,0,3.3322045101752,0,4.67282883446191,0,4.40671924726425,0,4.40671924726425,0.693147180559945,4.4188406077966,3,5.34233425196481,16,17.6953
"223",0,0,0,0,0,0,0,0,0,0,4.36944785246702,0,0,5.68697535633982,0,5.08759633523238,0,0,0,0,0,4.38202663467388,4,6.60072
"224",0,0,0,0,0.693147180559945,4.96284463025991,0,1.94591014905531,0,4.11087386417331,0,0,0,0,2.89037175789616,0,2.63905732961526,0,0,0,1,3.97029191355212,6,6.22082
"225",0,0,1.09861228866811,0,0,0,0,0,0,0.693147180559945,0,0,0,0,0,0,0,0,0,0,0,0,1,0
"226",0,2.77258872223978,6.89972310728487,1.79175946922805,0,0.693147180559945,0,5.92958914338989,6.82328612235569,0,0,1.79175946922805,0,4.12713438504509,1.94591014905531,2.07944154167984,0,4.31748811353631,0,0,4,5.50938833662798,7,13.805
"227",0,4.20469261939097,0,0,0,0,1.38629436111989,0,0,0,3.95124371858143,0,3.43398720448515,0,0,0,0,0,0,0,0,3.8286413964891,1,0
"228",0,0,0,0,0.693147180559945,0,0,0,1.09861228866811,0,0,0.693147180559945,0,0,0,3.87120101090789,2.39789527279837,0,0,0,0,1.38629436111989,1,1.69869
"229",3.89182029811063,2.484906649788,0,5.31320597904179,0,5.89164421182577,3.04452243772342,2.39789527279837,0,0,6.07304453410041,0,0.693147180559945,0,0,3.61091791264422,4.76217393479776,2.70805020110221,0,4.59511985013459,3,5.51745289646471,7,8.65833
"230",0,0,0,3.91202300542815,0,0,0,0,0,0,0,0,0,0,0,0,0,1.38629436111989,0,0,0,1.94591014905531,1,0
"231",0,0,0,2.70805020110221,0,0,0,0,3.58351893845611,0,0,0,0,0,0,0,0,0,0,0.693147180559945,0,1.38629436111989,0,6.55322
"232",0,0,0,0,0,0,0,0,0,0,0,0,6.36475075685191,0,0,4.70048036579242,0,0,0,3.58351893845611,0,4.95582705760126,1,2.75305
"233",3.85014760171006,0,0,0,0,0,2.30258509299405,0,0,0.693147180559945,2.99573227355399,0,0,0,0,5.15905529921453,0,1.38629436111989,3.49650756146648,2.94443897916644,0,3.25809653802148,1,1.5526
"234",0,2.99573227355399,0.693147180559945,0,0,0,0,0,0,0,0,0,0,0.693147180559945,0,0,0,0,0,0,0,1.38629436111989,1,0
"235",0,2.56494935746154,0,5.90263333340137,2.07944154167984,5.69035945432406,0,3.13549421592915,1.09861228866811,0.693147180559945,6.45519856334012,4.30406509320417,0,4.35670882668959,0,4.8283137373023,0,4.63472898822964,0,0.693147180559945,2,5.53338948872752,4,5.08544
"236",2.70805020110221,0,0,0,0.693147180559945,0,0,0,0,0,0,0,0,0,5.64897423816121,0,4.97673374242057,0.693147180559945,3.91202300542815,0,1,4.85981240436167,6,12.9885
"237",0,2.83321334405622,0,0,0,0,2.19722457733622,0,0,0,0,0,1.79175946922805,0,0.693147180559945,0,0,0,5.18178355029209,0.693147180559945,1,4.20469261939097,3,6.16292
"238",0,3.87120101090789,4.12713438504509,0,0,0,0,0,0,3.97029191355212,0,3.3322045101752,0,0,5.57972982598622,1.6094379124341,0,0,0.693147180559945,0,1,4.77068462446567,4,3.68818
"239",0,0,0,3.13549421592915,0,0,0,5.42053499927229,4.65396035015752,0,0,0,0,3.58351893845611,0,0,0,4.36944785246702,0,0,1,2.484906649788,4,8.82648
"240",0,0,0,2.39789527279837,0,4.969813299576,0,0,0,0,2.83321334405622,0,0,0.693147180559945,0,0,0,0,0,0,0,3.09104245335832,1,1.5526
"241",0,0.693147180559945,4.53259949315326,0,0,0,0,0,0,0,0,3.43398720448515,0,0,5.79605775076537,0,1.6094379124341,0,0,0,2,4.96284463025991,1,0
"242",0,0,4.70048036579242,5.7037824746562,2.07944154167984,7.95226330865705,4.79579054559674,2.30258509299405,3.76120011569356,0.693147180559945,5.78996017089725,4.39444915467244,0,0.693147180559945,4.4188406077966,5.57215403217776,4.26267987704132,5.06259503302697,0,6.87212810133899,3,6.94889722231331,18,20.3646
"243",0,1.09861228866811,0,3.3322045101752,0,0,0,0,0,0,4.53259949315326,0,0,0,0,3.63758615972639,0,1.09861228866811,0,2.07944154167984,0,3.13549421592915,3,6.22636
"244",6.59167373200866,0,0,0,0,0,0,1.94591014905531,4.36944785246702,0,0,0,3.36729582998647,0,0,0,0,0,0,0,1,4.87519732320115,3,6.87477
"245",0,0,0,4.31748811353631,0,0,0,0,0.693147180559945,0,0,0,0,0,0,0,2.19722457733622,0,0,0,0,2.77258872223978,1,0
"246",0,0,0,0.693147180559945,0,3.52636052461616,0,2.30258509299405,0,0,0.693147180559945,0,2.77258872223978,0,0,0.693147180559945,0,0,0,5.25227342804663,1,3.63758615972639,2,3.24068
"247",0,0,0,3.17805383034795,0,0,4.21950770517611,0,0,0,4.69134788222914,0,0,0,0,0,0,0,0,0,0,3.2188758248682,2,4.04276
"248",5.27811465923052,0,0,0,0,0,3.46573590279973,0,0,0,0,0.693147180559945,5.94017125272043,0,0,0,0,1.38629436111989,0,1.09861228866811,0,4.60517018598809,1,3.36934
"249",0,2.89037175789616,0,0.693147180559945,0,0.693147180559945,0,0,0,0,0,0,0,0,0.693147180559945,0,0.693147180559945,0,0,0,0,1.38629436111989,1,0
"250",0,2.19722457733622,0,0,0,0,0,0,0,0,0,0,0,0,0,0,0,0,0,0,0,0,1,0
"251",0.693147180559945,0,0,0,0,5.29330482472449,0,2.94443897916644,0,2.99573227355399,0,0,0,0,5.30826769740121,0,0,0,0,0,1,4.74493212836325,13,16.3188
"252",0,0,1.09861228866811,0,0,0,0,0,0,0,0,0,0,0.693147180559945,0,0,0,0,0,0,0,0,1,0
"253",0,0,0,4.78749174278205,0,0,0,0.693147180559945,0,0,0,0,0,0.693147180559945,2.63905732961526,0,1.09861228866811,0,0,0,0,3.29583686600433,1,0
"254",0.693147180559945,0,0,0.693147180559945,0,0,0,0,0,2.63905732961526,0,0,0,1.6094379124341,3.97029191355212,0.693147180559945,1.79175946922805,0,0,0,0,2.89037175789616,3,6.42741
"255",0,0.693147180559945,0,1.38629436111989,0,2.07944154167984,0,0,0.693147180559945,0,0,0,0,2.94443897916644,0,5.10594547390058,0,0,0,0.693147180559945,0,3.43398720448515,0,3.36934
"256",0,0,0,0,0,0,0,4.77068462446567,0,0,0,0,0,5.22035582507832,0,0,1.38629436111989,0,2.07944154167984,0,1,4.00733318523247,2,4.65896
"257",2.63905732961526,1.09861228866811,5.15905529921453,0,3.97029191355212,0,1.38629436111989,1.09861228866811,0,0,0,7.39449310721904,0,0,0,0,2.70805020110221,0,0,5.88887795833288,0,6.05208916892442,18,14.3621
"258",0,0,3.17805383034795,0,0,6.45519856334012,2.39789527279837,0,2.56494935746154,0.693147180559945,0,3.89182029811063,0,4.61512051684126,3.46573590279973,0,0,0,0,5.03695260241363,1,4.74493212836325,4,5.64169
"259",4.98360662170834,0,0,3.25809653802148,0,1.38629436111989,2.07944154167984,0,0,0,7.05531284333975,0,0,0,1.09861228866811,3.2188758248682,0,0,0,0,0,4.97673374242057,4,5.67634
"260",0,6.10255859461357,0,0.693147180559945,0,0,0,2.39789527279837,2.484906649788,0,0,0,0,3.55534806148941,0,0,1.38629436111989,0,0,3.25809653802148,0,2.83321334405622,3,2.28372
"261",0,2.30258509299405,1.6094379124341,3.61091791264422,0,2.94443897916644,0,2.30258509299405,0,0,0,1.6094379124341,0,0,3.3322045101752,0,0,1.09861228866811,6.41673228251233,0,1,5.07517381523383,16,17.541
"262",7.29233717617388,1.79175946922805,3.55534806148941,0,0,0,2.99573227355399,4.54329478227,0,0,0,0.693147180559945,0,0,0,0.693147180559945,3.76120011569356,0,0,0.693147180559945,0,5.55295958492162,5,9.68165
"263",0,0,0,2.94443897916644,0,0,2.19722457733622,0,0,0,0.693147180559945,0,0,0,0,0,2.39789527279837,0,5.4971682252932,0,1,4.46590811865458,3,4.27148
"264",0,0,2.83321334405622,0,0,1.09861228866811,3.95124371858143,0,0,0,0,0,0,6.07304453410041,0,0,0,0,0,0,1,3.87120101090789,1,6.81721
"265",4.80402104473326,0,4.76217393479776,0,0,6.0282785202307,0,0,0.693147180559945,0,5.63121178182137,3.04452243772342,0,0,3.13549421592915,3.71357206670431,6.57786135772105,5.16478597392351,4.34380542185368,0,3,5.90808293816893,5,7.23456
"266",0,0,1.6094379124341,0,0,0,0,0,4.7361984483945,0,0,0,0,0,0,5.83773044716594,0,0,0,0,1,3.36729582998647,1,4.35837
"267",2.77258872223978,0,2.63905732961526,4.17438726989564,2.39789527279837,0,0,1.09861228866811,0,0,0,0,0,2.19722457733622,0,0,0,4.51085950651685,0,0,1,3.46573590279973,0,6.12239
"268",0,0,0,3.93182563272433,0,0,0,0,0,0,0,0,0,0,0,0,0,0,0,0,0,1.94591014905531,1,0
"269",0,0,0,4.23410650459726,0,0,0,0,0,0,0,0,0,0,0,0,0,0,0,0,0,2.30258509299405,1,0
"270",0,0,0,0,0,0,0,0,0,0.693147180559945,5.76205138278018,0,0,0,0,0,0,0,0,3.13549421592915,0,4.04305126783455,1,0
"271",0,0,0.693147180559945,0.693147180559945,0,3.76120011569356,1.38629436111989,2.07944154167984,0,0,0,1.09861228866811,0,0,0,4.48863636973214,4.52178857704904,1.6094379124341,1.38629436111989,0,0,4.55387689160054,4,4.53581
"272",1.09861228866811,0,0,0,2.63905732961526,3.66356164612965,0,0,0,2.19722457733622,0,1.79175946922805,2.83321334405622,0,3.46573590279973,0,3.95124371858143,0,0,0,0,3.36729582998647,0,0
"273",0.693147180559945,0,0,0,0,0,1.09861228866811,0,0,0,0,0,0,0,0,0,0,0,0,0,0,0,1,0
"274",0.693147180559945,0,0,0.693147180559945,0,1.6094379124341,4.54329478227,0,6.35610766069589,0,0,0,0,0,0,0,0,2.07944154167984,0,0,0,5.00394630594546,8,9.10093
"275",0,1.94591014905531,0,0,0,0,0,0,0,0,0,0,0,0,0,0,0,0,0,0,0,0,1,0
"276",0,0,0,0,0,0.693147180559945,0,0,0,4.48863636973214,0,0,0,0,2.99573227355399,0,0,0,0,0,0,3.25809653802148,2,1.03146
"277",0,0,0.693147180559945,1.6094379124341,0,0,0,0,0,0,0,0,0,0,0,0.693147180559945,1.6094379124341,0,4.60517018598809,0,1,3.46573590279973,1,7.55094
"278",4.89034912822175,0,1.6094379124341,0,2.83321334405622,5.82304589548302,2.19722457733622,0,0,6.79122146272619,0,4.30406509320417,0,0,7.54960916515453,0,0,0,4.969813299576,0,8,6.55961523749324,46,30.7015
"279",0.693147180559945,6.361302477573,0,0,0,1.09861228866811,2.07944154167984,0,0,0.693147180559945,4.62497281328427,0,0,1.6094379124341,0,0,0,0,1.94591014905531,4.82028156560504,0,5.18178355029209,4,2.95723
"280",0,4.63472898822964,0,1.6094379124341,0,0,1.6094379124341,3.49650756146648,4.88280192258637,0,2.89037175789616,0,0,0,0,0,0,0,0,0,1,2.63905732961526,3,7.35911
"281",0,0,0,3.91202300542815,0,0,0,0,0,0,1.09861228866811,0,0,0,0,0,0,0,0,0,0,1.94591014905531,1,0
"282",0,0,0,5.54517744447956,1.09861228866811,0,0,5.57594910314632,0,0,0,0,0,4.17438726989564,0.693147180559945,0,0,4.80402104473326,4.7361984483945,0,4,5.23110861685459,7,9.22487
"283",0,2.39789527279837,0,3.89182029811063,0,0,0,0,0,0,3.71357206670431,0,0,0,0,3.93182563272433,0,0,0,4.46590811865458,0,4.27666611901606,2,4.83075
"284",0,1.6094379124341,0,1.09861228866811,0.693147180559945,0,0,1.38629436111989,0,0,0,2.39789527279837,0,4.77912349311153,0,6.21460809842219,0,0,3.40119738166216,2.19722457733622,1,4.81218435537242,9,14.9282
"285",0,1.6094379124341,0,0,0,0,0,0,0,0,3.04452243772342,0,0,0,0,3.71357206670431,0,0,0,0,0,2.484906649788,1,1.27192
"286",0,0,0,3.25809653802148,0,0,0,0,0,0,0,0,0,0,0,0,2.94443897916644,1.38629436111989,0,0.693147180559945,1,2.56494935746154,1,0
"287",0,4.96284463025991,2.63905732961526,0,0,0,0,0,0,0,0,0,3.43398720448515,0,0,0,0,1.38629436111989,0,0,0,4.56434819146784,1,1.80545
"288",0,0,0.693147180559945,2.07944154167984,0,0,4.4188406077966,0,1.94591014905531,0,0,0,0,6.90274273715859,0,0,0,3.97029191355212,0,1.94591014905531,2,3.68887945411394,5,9.77668
"289",0,1.09861228866811,0,3.91202300542815,0,0,0,0,0,0,0,0,0,0,0,0,0,0,0,0,0,1.94591014905531,1,0
"290",0.693147180559945,0,0,2.30258509299405,0,3.87120101090789,0,0,0,0.693147180559945,1.09861228866811,0,0,0.693147180559945,0,2.30258509299405,4.17438726989564,0,0,2.39789527279837,0,0,2,6.45874
"291",0,0,1.38629436111989,4.31748811353631,0,0,0,0,0,0,0,2.30258509299405,0,1.79175946922805,0,0,0,3.2188758248682,0,0,0,3.09104245335832,1,0
"292",0,3.40119738166216,0,0,0,0,0,0,0,0,0,0,0,0,0,0,0,0.693147180559945,0,0,0,1.6094379124341,1,0
"293",0,1.79175946922805,0,0,0,0,0,0,0,0,0,0,0,0,0,0,0,0,0,0,0,0,1,0
"294",0,0,0,0,0,0,0,0,0,0,4.23410650459726,0,0,0,0,3.87120101090789,0,0,0.693147180559945,0,0,2.484906649788,2,6.22636
"295",3.8286413964891,0,0,0,0.693147180559945,4.48863636973214,0,0,0,0,4.38202663467388,2.484906649788,0,0,0,0,5.46383180502561,2.30258509299405,3.2188758248682,0,0,4.68213122712422,6,6.36008
"296",0,0,0,0,0,2.94443897916644,0,1.38629436111989,4.43081679884331,0,2.99573227355399,0,0,0,0,0,0,0,0,0,0,2.39789527279837,3,2.28372
"297",5.19295685089021,4.24849524204936,3.76120011569356,0,0,0,3.61091791264422,8.21093973337902,0,0,0,0,1.09861228866811,1.09861228866811,0,0,5.12396397940326,0,0,0,5,6.91174730025167,5,13.1284
"298",0,0,0,0,0,0,0,0,0,0,0,0,0,0,4.60517018598809,0,5.57972982598622,0,0,0,1,4.51085950651685,4,8.36608
"299",0,0,0,0,0,0,0,0,0,0.693147180559945,0,0.693147180559945,0,0,1.38629436111989,0,0,0,0,0,0,0,1,0
"300",0,0,0,0,0,0,0,0.693147180559945,0,0,4.23410650459726,0,3.43398720448515,5.15329159449778,0,0,0.693147180559945,0,0.693147180559945,0,1,3.04452243772342,1,0
"301",0,0.693147180559945,4.40671924726425,0,0,0,1.09861228866811,0,0,0,4.18965474202643,0,5.08140436498446,0,0.693147180559945,0,0,0,2.19722457733622,4.60517018598809,0,4.06044301054642,1,0
"302",6.78219205600679,4.12713438504509,0,0,0,1.09861228866811,1.09861228866811,0,0,5.41610040220442,0,0,0,0,7.10578612948127,0.693147180559945,6.24997524225948,0,4.64439089914137,0,2,6.24804287450843,21,19.6679
"303",0,0,0,1.94591014905531,0,0,0,1.38629436111989,0,0,0,3.63758615972639,0,1.6094379124341,0,0,0,5.03043792139244,0,0,0,4.17438726989564,1,1.80545
"304",0,0,0,0,0,0,0,0,0,0,0,0,0,0,1.79175946922805,0,0,0,0,0,0,0,1,0
"305",0,0,0,0,0,0,0,0,0,0,0,0,0,0,4.44265125649032,0,2.89037175789616,0,0,0,1,3.25809653802148,1,5.0342
"306",2.77258872223978,0,0,0,0,3.55534806148941,2.19722457733622,0,6.37161184723186,0,0,0,0,1.94591014905531,0,0,0,3.43398720448515,0,0,0,4.76217393479776,6,9.696
"307",0,0,2.70805020110221,0,0,0.693147180559945,0,0,0,0,1.09861228866811,0,0,2.89037175789616,0,2.39789527279837,0,0,0,2.07944154167984,0,2.30258509299405,1,1.80545
"308",0,0,0,3.91202300542815,0.693147180559945,0,0,0,0,0,0,0,0,0,0.693147180559945,0,0,0,0,0,0,1.94591014905531,1,0
"309",0,7.23489842031483,0,0,0,0,2.99573227355399,1.38629436111989,0,0,0,0,4.4188406077966,0,0,0,0,0,1.09861228866811,0,0,5.57215403217776,1,0
"310",0,0,0,1.09861228866811,4.30406509320417,3.55534806148941,0,0,0,2.70805020110221,0,3.95124371858143,0,0,0,2.484906649788,5.29831736654804,3.43398720448515,0,3.04452243772342,0,0,2,4.65956
"311",0,0,0,4.27666611901606,0,1.09861228866811,3.40119738166216,1.38629436111989,0,0,5.50938833662798,0,0,0,0,1.6094379124341,4.83628190695148,0,0.693147180559945,0,1,4.36944785246702,3,5.27095
"312",0,0,2.07944154167984,0,0,0,0,0.693147180559945,0,0,3.97029191355212,0,0,0,0,0,1.09861228866811,1.38629436111989,0,4.83628190695148,1,3.63758615972639,2,4.04276
"313",5.61677109766657,3.40119738166216,3.58351893845611,0,5.8171111599632,1.79175946922805,0,0,0.693147180559945,0,0,0,0,0,0,5.75257263882563,4.99721227376411,3.25809653802148,0.693147180559945,0,1,5.30330490805908,4,13.0076
"314",3.25809653802148,0,0,4.11087386417331,0,0,3.98898404656427,3.68887945411394,0,0,0,0,0,6.07764224334903,0,0,0,0,4.68213122712422,1.6094379124341,1,4.76217393479776,4,7.69165
"315",1.09861228866811,0,0,0,0,0,0,2.19722457733622,0,0.693147180559945,1.09861228866811,1.6094379124341,0,0,0,0,0.693147180559945,1.6094379124341,0,4.86753445045558,0,3.29583686600433,2,4.04276
"316",0,0,0,3.95124371858143,0,0,0,0,0,0,0,0,0,0,0,0,0,1.09861228866811,0,0,0,1.94591014905531,1,0
"317",1.94591014905531,0,2.30258509299405,0,0,0,5.23644196282995,4.14313472639153,4.44265125649032,0,0,0,0,7.93487156594518,0,0,1.09861228866811,0,0,0,1,5.65599181081985,8,11.9562
"318",0,0,0,0.693147180559945,0,0,3.76120011569356,0,0,0,0,0,0,0,5.24702407216049,0,0,4.85981240436167,4.29045944114839,0.693147180559945,1,4.71849887129509,3,9.88616
"319",0,0,0,0,0,0,0,0,0,7.61972421378267,0,0,0,0,5.08140436498446,0,0,0,1.38629436111989,0,1,6.24222326545517,18,26.2611
"320",0,0,1.38629436111989,0,0,0,0,0,0,0,0,0,0,0,0,0,0,0,0,0,0,0,1,0
"321",0,0,0.693147180559945,0,0,0,1.09861228866811,0,0,0,0,0,0,0,0,0,0,0,0,0,0,0,1,0
"322",0,3.13549421592915,3.61091791264422,3.66356164612965,0,6.71052310945243,0,0,0,0,4.76217393479776,0,1.09861228866811,0,2.99573227355399,4.04305126783455,5.82600010738045,0,0,5.33271879326537,4,5.80814248998044,10,14.9649
