"","V1","V2","V3","bug","loc","bf","hcm"
"1",6.22653666928747,0,6.00388706710654,0,4.4188406077966,7,17.6471
"2",0,4.71849887129509,4.97673374242057,0,2.94443897916644,0,6.70304
"3",0,3.13549421592915,5.71702770140622,0,3.93182563272433,3,10.4982
"4",3.61091791264422,1.94591014905531,7.22402480828583,0,4.24849524204936,4,7.05208
"5",2.56494935746154,0,4.85203026391962,0,1.38629436111989,0,4.07501
"6",2.83321334405622,0.693147180559945,5.8171111599632,0,1.94591014905531,1,2.2601
"7",3.80666248977032,3.78418963391826,5.74300318780948,0,4.04305126783455,3,3.92315
"8",4.85203026391962,3.17805383034795,6.4150969591716,0,1.94591014905531,4,8.58795
"9",3.95124371858143,7.3356339819272,8.93642970360832,0,6.74051935960622,20,27.6193
"10",2.56494935746154,0,6.04500531403601,1,3.2188758248682,5,12.3914
"11",0,0,5.35185813347607,0,0,1,0
"12",0,1.79175946922805,3.78418963391826,0,1.38629436111989,1,7.82241
"13",4.35670882668959,4.52178857704904,6.24027584517077,0,3.80666248977032,4,7.99162
"14",5.92692602597041,5.46383180502561,6.14846829591765,1,4.82028156560504,14,10.2625
"15",2.77258872223978,1.09861228866811,3.58351893845611,0,1.94591014905531,1,0
"16",8.11820704940578,7.07496319796604,7.56992765524265,1,5.85220247977447,19,20.2197
"17",6.50727771238501,4.85981240436167,5.4971682252932,0,4.38202663467388,10,13.4356
"18",5.70044357339069,3.58351893845611,0,0,3.76120011569356,0,5.07933
"19",6.48920493132532,4.00733318523247,6.4831073514572,1,4.85981240436167,6,13.0232
"20",4.86753445045558,6.22059017009974,0,0,4.12713438504509,6,4.13346
"21",4.33073334028633,5.68697535633982,0,0,3.98898404656427,5,7.93371
"22",6.4085287910595,4.52178857704904,4.89783979995091,2,5.25227342804663,11,10.0587
"23",4.12713438504509,6.46146817635372,0,0,4.59511985013459,6,6.84846
"24",4.65396035015752,6.88550967003482,0,0,5.14166355650266,8,6.84846
"25",3.40119738166216,6.00881318544259,0,0,3.98898404656427,7,7.95479
"26",0,6.44094654063292,0,0,4.70048036579242,8,7.95479
"27",0.693147180559945,6.82437367004309,1.94591014905531,0,4.70953020131233,9,9.64599
"28",0,5.8406416573734,0,0,3.8286413964891,5,7.95479
"29",4.75359019110636,6.10031895202006,0,0,4.47733681447821,9,7.95479
"30",0,6.38012253689976,0,0,4.59511985013459,8,7.95479
"31",0,7.04838640872188,0.693147180559945,0,4.89034912822175,9,7.95479
"32",6.79794041297493,8.7160440501614,7.34729970074316,0,6.69084227741856,66,24.6967
"33",9.05497228474248,9.46335335689267,2.30258509299405,1,7.57455848420248,196,37.2855
"34",6.93925394604151,8.74941540666365,3.76120011569356,0,3.97029191355212,11,7.97103
"35",6.10479323241498,8.71341765337918,6.69208374250663,0,6.48920493132532,26,14.5995
"36",6.61740297797448,7.27793857294566,7.77611547709874,1,6.05678401322862,38,28.8029
"37",5.03043792139244,7.22402480828583,4.63472898822964,0,5.5683445037611,7,8.11626
"38",4.68213122712422,4.12713438504509,5.29330482472449,0,3.04452243772342,2,2.96868
"39",4.84418708645859,5.15905529921453,3.3322045101752,0,4.14313472639153,6,6.89725
"40",4.38202663467388,8.59415423255237,1.38629436111989,0,2.77258872223978,5,7.97103
"41",7.17011954344963,0,0,0,1.38629436111989,19,18.3087
"42",7.24636808010246,7.20414929203594,3.63758615972639,0,4.66343909411207,23,14.6512
"43",0,5.87211778947542,0,0,3.87120101090789,5,7.95479
"44",2.39789527279837,5.54517744447956,0,0,3.46573590279973,3,7.95479
"45",2.56494935746154,6.48157712927643,1.6094379124341,0,4.31748811353631,6,2.96868
"46",0,5.8348107370626,0,0,3.97029191355212,5,7.95479
"47",0,5.98393628068719,0,0,4.0943445622221,6,7.95479
"48",0,6.361302477573,0,0,4.67282883446191,8,7.95479
"49",0.693147180559945,6.40522845803084,0,0,4.68213122712422,8,7.95479
"50",2.63905732961526,6.73221070646721,3.3322045101752,1,5.39816270151775,9,14.7589
"51",3.55534806148941,5.30826769740121,1.94591014905531,0,2.70805020110221,1,6.70304
"52",3.13549421592915,5.57972982598622,0,0,2.94443897916644,1,6.70304
"53",5.34233425196481,7.23273313617761,0,0,5.34233425196481,14,9.64335
"54",0,5.34710753071747,4.14313472639153,0,3.2188758248682,0,4.07501
"55",5.71042701737487,7.73630709654828,6.6682282484174,0,5.84354441703136,38,21.3966
"56",7.55538194424027,5.08140436498446,7.41457288135059,0,5.64544689764324,54,29.1299
"57",0,6.61472560020376,0,0,4.95582705760126,8,7.95479
"58",4.47733681447821,6.28599809450886,0.693147180559945,0,4.34380542185368,7,6.84846
"59",0,5.98393628068719,0,0,4.0943445622221,6,7.95479
"60",0.693147180559945,7.18311170174328,0,0,2.77258872223978,7,7.76307
"61",8.78676220844109,6.24997524225948,4.60517018598809,1,7.00940893270864,110,31.5924
"62",0,7.51425465281641,5.5683445037611,0,5.97635090929793,24,12.8915
"63",4.40671924726425,2.39789527279837,3.52636052461616,0,3.04452243772342,5,1.66466
"64",6.30809844150953,7.66809370908241,3.97029191355212,1,6.45990445437753,36,16.6898
"65",0.693147180559945,6.42162226780652,0,0,4.67282883446191,10,7.95479
"66",0,5.37989735354046,0,0,3.40119738166216,5,7.95479
"67",3.93182563272433,6.57507584059962,0,0,4.95582705760126,5,6.84846
"68",4.31748811353631,6.85224256905188,0.693147180559945,0,4.95582705760126,9,8.43242
"69",4.29045944114839,6.65415252018322,0,0,4.77912349311153,8,6.84846
"70",4.68213122712422,5.36129216570943,2.70805020110221,0,2.77258872223978,2,2.96868
"71",0,6.07764224334903,0,0,4.29045944114839,8,7.95479
"72",4.99043258677874,6.44413125670044,0.693147180559945,0,4.70048036579242,10,7.95479
"73",3.71357206670431,6.81783057145415,0,0,4.91998092582813,13,8.43242
"74",1.09861228866811,6.78105762593618,0,0,4.77068462446567,11,7.95479
"75",0,6.72262979485545,0,0,4.85981240436167,10,7.95479
"76",4.8283137373023,6.57368016696065,0,0,4.80402104473326,10,8.43242
"77",0,7.23273313617761,3.2188758248682,0,5.06890420222023,11,7.95479
"78",0,6.5510803350434,0.693147180559945,0,4.83628190695148,11,6.84846
"79",0,6.44571981938558,0,0,4.67282883446191,8,7.95479
"80",0,6.58063913728495,4.97673374242057,0,5.0998664278242,3,7.06348
"81",0,6.64248680136726,3.98898404656427,0,4.69134788222914,8,6.84846
"82",0,6.45990445437753,0,0,4.68213122712422,9,7.95479
"83",0,5.48893772615669,2.07944154167984,0,3.46573590279973,3,7.95479
"84",1.09861228866811,5.8636311755981,0,0,4.00733318523247,4,5.59671
"85",4.36944785246702,6.35957386867238,0,0,4.56434819146784,3,6.70304
"86",3.49650756146648,6.43133108193348,0.693147180559945,0,4.70048036579242,6,8.03932
"87",5.72031177660741,5.02388052084628,4.52178857704904,0,5.03043792139244,6,3.42644
"88",4.31748811353631,4.99043258677874,3.73766961828337,0,3.3322045101752,2,5.26021
"89",7.02286808608264,0,2.70805020110221,0,5.67332326717149,59,34.7321
"90",6.09807428216624,7.650168700845,0,0,5.76832099579377,15,7.18067
"91",4.84418708645859,6.82001636467413,0,0,4.92725368515721,11,8.63149
"92",4.91265488573605,6.48920493132532,0,0,4.70048036579242,3,6.70304
"93",5.4380793089232,6.52356230614951,0.693147180559945,0,4.80402104473326,5,5.59671
"94",4.96284463025991,7.12367278520461,2.63905732961526,0,4.57471097850338,6,7.27499
"95",4.48863636973214,4.46590811865458,4.00733318523247,0,3.13549421592915,2,6.70304
"96",0,6.32076829425058,2.89037175789616,0,3.78418963391826,2,6.44569
"97",4.96284463025991,4.24849524204936,0,0,2.484906649788,1,4.07501
"98",1.38629436111989,6.21860011969173,0,0,4.21950770517611,4,5.59671
"99",0,5.37527840768417,0,0,3.46573590279973,5,7.95479
"100",2.19722457733622,6.25958146406492,2.56494935746154,0,4.58496747867057,7,10.8068
"101",6.16331480403464,0,5.15905529921453,0,5.04985600724954,18,19.5611
"102",3.66356164612965,6.69456205852109,2.484906649788,0,4.87519732320115,11,9.21914
"103",5.08140436498446,6.07993319509559,0,0,4.48863636973214,6,6.78585
"104",0,6.0330862217988,0,0,4.27666611901606,8,7.95479
"105",0.693147180559945,6.55535689181067,0,0,4.57471097850338,8,7.95479
"106",0,6.64768837356333,0.693147180559945,0,4.58496747867057,8,7.95479
"107",3.78418963391826,6.4393503711001,1.38629436111989,0,4.0943445622221,7,7.95479
"108",3.85014760171006,6.41017488196617,0,0,4.70953020131233,14,6.36941
"109",4.88280192258637,6.32256523992728,0,0,4.68213122712422,6,6.78585
"110",7.24565506759454,4.58496747867057,5.19849703126583,0,5.99893656194668,10,7.87568
"111",5.18178355029209,3.17805383034795,1.09861228866811,0,4.47733681447821,4,2.38353
"112",0,5.97380961186926,0,0,4.11087386417331,6,7.95479
"113",2.99573227355399,7.57198844937744,6.59304453414244,1,5.64190707093811,13,22.3224
"114",7.61726781362835,6.02344759296103,7.38523092306657,0,5.87773578177964,7,8.98775
"115",0,7.22693601849329,5.37063802812766,0,4.85981240436167,3,8.43424
"116",2.56494935746154,5.37527840768417,4.92725368515721,0,2.484906649788,2,5.76357
"117",3.63758615972639,6.5424719605068,3.73766961828337,0,4.8283137373023,13,10.6043
"118",0,5.34710753071747,0,0,2.70805020110221,1,6.70304
"119",3.76120011569356,5.99396142730657,1.09861228866811,0,4.29045944114839,9,7.95479
"120",0,6.2841341610708,0,0,4.47733681447821,5,5.59671
"121",5.03695260241363,7.30451594646016,0,0,5.55295958492162,13,6.84846
"122",0,6.15697898558556,3.68887945411394,0,3.89182029811063,7,4.07501
"123",2.70805020110221,6.66440902035041,3.89182029811063,1,5.11799381241676,10,11.4275
"124",0,5.74300318780948,2.39789527279837,0,3.80666248977032,1,6.70304
"125",4.24849524204936,6.61873898351722,0.693147180559945,0,4.62497281328427,8,6.84846
"126",4.49980967033027,6.34738920965601,0,0,4.57471097850338,10,7.95479
"127",4.91998092582813,6.81014245011514,0,0,4.91998092582813,11,8.63149
"128",0,6.14846829591765,0,0,4.33073334028633,9,7.95479
"129",0,6.3297209055227,0,0,4.46590811865458,9,9.21692
"130",0,6.3456363608286,0,0,4.67282883446191,8,7.95479
"131",3.17805383034795,6.92951677076365,4.20469261939097,0,4.26267987704132,9,7.95479
"132",0,6.01126717440416,2.70805020110221,0,4.15888308335967,5,10.4485
"133",0,6.01126717440416,0,0,4.0943445622221,8,7.95479
"134",0,6.00881318544259,0,0,4.29045944114839,8,7.95479
"135",0,6.48157712927643,0,0,4.69134788222914,8,7.95479
"136",5.04342511691925,5.36597601502185,2.07944154167984,0,3.2188758248682,2,2.96868
"137",8.11522197256233,0.693147180559945,5.52146091786225,1,6.8596149036542,89,33.5493
"138",6.32256523992728,7.41697962138115,0,0,5.71702770140622,18,10.2923
"139",5.17614973257383,6.57786135772105,0,0,4.82028156560504,12,9.21914
"140",3.46573590279973,5.96614673912369,0,0,4.29045944114839,8,7.95479
"141",4.91265488573605,6.24027584517077,0,0,4.52178857704904,5,8.43242
"142",6.61740297797448,3.49650756146648,3.04452243772342,0,5.4510384535657,32,20.5304
"143",3.55534806148941,5.91889385427315,0,0,2.77258872223978,3,4.07501
"144",2.70805020110221,7.0343879299155,0,0,5.05624580534831,11,6.84846
"145",3.40119738166216,6.68336094576627,0,0,4.85203026391962,10,7.95479
"146",2.99573227355399,7.03878354138854,0,0,5.04985600724954,11,6.84846
"147",0,6.41836493593621,0,0,4.67282883446191,9,7.95479
"148",5.37989735354046,6.19236248947487,0,0,4.39444915467244,4,6.84846
"149",0,3.04452243772342,5.8171111599632,0,2.39789527279837,0,7.70736
"150",5.3890717298165,5.08759633523238,6.48463523563525,0,4.56434819146784,2,7.83265
"151",0,5.4249500174814,6.38350663488401,0,1.38629436111989,13,10.425
"152",3.52636052461616,0,6.96034772910131,0,5.30330490805908,6,12.4195
"153",5.41610040220442,6.91671502035361,9.50405421665968,2,5.18178355029209,62,26.6608
"154",0,5.01727983681492,7.16626597413364,0,5.46383180502561,3,6.49924
"155",5.04342511691925,5.20948615284142,8.04012466444838,1,5.39362754635236,24,18.7552
"156",7.18614430452233,5.30330490805908,9.98525185433877,4,6.96508034560141,172,45.5046
"157",1.94591014905531,2.56494935746154,6.20455776256869,0,3.97029191355212,3,6.00951
"158",2.70805020110221,0,4.00733318523247,0,1.38629436111989,1,4.07501
"159",4.85203026391962,4.35670882668959,5.16478597392351,0,3.97029191355212,3,8.22982
"160",5.28320372873799,3.63758615972639,7.55433482372575,0,3.09104245335832,30,15.5832
"161",6.70196036600254,1.09861228866811,8.06526520889773,2,4.96284463025991,9,9.2993
"162",3.17805383034795,0,4.14313472639153,0,1.38629436111989,0,4.07501
"163",4.57471097850338,2.07944154167984,4.66343909411207,1,2.484906649788,3,6.22874
"164",3.46573590279973,2.39789527279837,3.93182563272433,0,1.38629436111989,0,4.07501
"165",4.58496747867057,0,4.81218435537242,0,2.56494935746154,2,4.07501
"166",3.43398720448515,0.693147180559945,4.00733318523247,0,1.38629436111989,0,4.07501
"167",5.4249500174814,0,5.3890717298165,1,2.63905732961526,9,9.97058
"168",3.2188758248682,2.07944154167984,3.93182563272433,0,1.38629436111989,0,4.07501
"169",3.71357206670431,1.09861228866811,4.31748811353631,1,1.38629436111989,2,6.65039
"170",4.84418708645859,1.94591014905531,5.61677109766657,1,2.39789527279837,1,0
"171",0,2.30258509299405,5.75890177387728,1,2.83321334405622,2,4.07501
"172",7.13886699994552,1.38629436111989,8.41847721847708,0,4.00733318523247,41,23.9899
"173",5.68697535633982,2.89037175789616,6.3456363608286,0,4.71849887129509,13,8.50274
"174",3.25809653802148,0,6.69084227741856,0,3.43398720448515,11,13.6626
"175",8.24879073369641,6.28226674689601,8.38343320123671,1,7.02731451403978,37,28.279
"176",3.17805383034795,2.99573227355399,5.08140436498446,0,2.56494935746154,1,4.07501
"177",3.13549421592915,1.6094379124341,4.0943445622221,0,1.38629436111989,0,4.07501
"178",5.12396397940326,0,5.33753807970132,0,3.17805383034795,10,5.79221
"179",4.29045944114839,0,4.39444915467244,0,0,3,1.78303
"180",4.38202663467388,0,4.85203026391962,0,1.38629436111989,3,5.99114
"181",3.66356164612965,0,3.97029191355212,0,1.38629436111989,1,3.29051
"182",3.97029191355212,2.77258872223978,4.0943445622221,0,1.6094379124341,1,3.29051
"183",4.70953020131233,0.693147180559945,5.13579843705026,2,2.83321334405622,6,8.6615
"184",8.49371983523059,7.27931883541462,7.66387725870347,1,6.73578001424233,37,26.5988
"185",0,5.95064255258773,7.47420480649612,0,4.15888308335967,15,17.0375
"186",0,7.54274354536855,0,1,6.41836493593621,0,4.07501
"187",1.6094379124341,2.89037175789616,5.11799381241676,0,0,2,3.83244
"188",0,3.29583686600433,3.87120101090789,0,1.38629436111989,0,4.07501
"189",4.76217393479776,6.17170059741091,7.13966033596492,0,2.99573227355399,5,14.6865
"190",0,6.87832646829133,5.71373280550937,1,0,2,7.48389
"191",3.17805383034795,1.09861228866811,6.70686233660275,0,2.89037175789616,3,15.6356
"192",0,0,4.68213122712422,0,2.56494935746154,1,4.07501
"193",6.84906628263346,3.49650756146648,0,0,5.40717177146012,1,5.0061
"194",7.44014668066269,7.58680353516258,0,0,6.64509096950564,26,15.3647
"195",6.69332366826995,5.92958914338989,0,0,3.40119738166216,3,9.58612
"196",4.76217393479776,2.484906649788,0,0,1.38629436111989,1,6.94335
"197",4.89783979995091,3.2188758248682,0,0,3.49650756146648,0,0
"198",4.36944785246702,1.38629436111989,0,0,2.39789527279837,3,3.00217
"199",4.77912349311153,0,2.63905732961526,0,3.3322045101752,2,4.07501
"200",4.40671924726425,3.46573590279973,0,0,3.17805383034795,1,2.36846
"201",4.33073334028633,3.3322045101752,0,0,2.89037175789616,0,4.07501
"202",5.0998664278242,0,0,0,3.73766961828337,0,4.07501
"203",4.61512051684126,0.693147180559945,0,0,3.04452243772342,2,7.8386
"204",4.65396035015752,2.484906649788,0,0,2.70805020110221,1,4.07501
"205",3.52636052461616,3.25809653802148,2.94443897916644,0,2.56494935746154,0,4.07501
"206",5.01727983681492,3.95124371858143,3.40119738166216,0,4.04305126783455,4,4.01609
"207",5.66988092298052,4.58496747867057,2.56494935746154,0,4.34380542185368,4,3.58431
"208",5.06259503302697,3.49650756146648,3.68887945411394,0,4.04305126783455,3,1.5732
"209",5.14166355650266,0,0,0,2.89037175789616,7,3.58431
"210",5.14749447681345,3.66356164612965,3.40119738166216,0,4.04305126783455,3,1.5732
"211",5.24702407216049,0.693147180559945,3.71357206670431,0,4.02535169073515,3,1.5732
"212",5.74939298590825,3.8286413964891,3.97029191355212,1,4.75359019110636,3,4.63008
"213",5.03043792139244,2.77258872223978,0,0,2.89037175789616,3,3.58431
"214",4.47733681447821,2.39789527279837,0,0,3.17805383034795,2,6.93237
"215",3.91202300542815,2.99573227355399,0,0,2.94443897916644,2,8.05174
"216",4.26267987704132,3.04452243772342,0,0,3.09104245335832,2,6.93237
"217",4.60517018598809,1.94591014905531,1.94591014905531,0,3.25809653802148,2,6.20089
"218",4.69134788222914,0,0,0,2.77258872223978,1,6.94335
"219",5.31320597904179,1.09861228866811,0,0,3.66356164612965,3,9.27985
"220",4.11087386417331,2.77258872223978,0,0,2.30258509299405,0,0
"221",5.2040066870768,0,0.693147180559945,0,3.73766961828337,2,10.696
"222",5.16478597392351,0,0,0,3.80666248977032,2,2.07169
"223",4.62497281328427,0,1.79175946922805,0,3.46573590279973,0,4.07501
"224",3.87120101090789,2.83321334405622,0,0,2.56494935746154,1,4.07501
"225",4.66343909411207,0,0,0,3.13549421592915,1,7.8386
"226",3.91202300542815,2.30258509299405,3.2188758248682,0,2.56494935746154,0,5.19438
"227",5.70044357339069,3.17805383034795,0,0,4.21950770517611,2,9.69849
"228",5.24702407216049,0,0.693147180559945,0,3.49650756146648,0,4.07501
"229",5.08759633523238,3.40119738166216,0,0,3.61091791264422,5,14.5866
"230",5.11198778835654,4.12713438504509,1.09861228866811,0,4.15888308335967,3,12.2036
"231",4.7361984483945,3.46573590279973,0,0,2.89037175789616,3,9.52046
"232",5.35658627467201,3.09104245335832,0,0,4.15888308335967,5,12.52
"233",4.39444915467244,3.29583686600433,3.3322045101752,0,2.63905732961526,1,0
"234",8.53817159780143,9.32053916427426,1.6094379124341,1,8.38731227056172,102,37.9039
"235",4.85981240436167,7.61726781362835,4.58496747867057,0,6.68085467879022,24,19.3371
"236",3.8286413964891,2.89037175789616,2.63905732961526,0,1.38629436111989,0,4.07501
"237",6.64639051484773,0,0,0,4.91998092582813,1,0
"238",10.4510307592373,6.93439720992856,4.36944785246702,7,8.90136656405678,205,48.228
"239",6.89060912014717,0,0,1,5.7268477475872,0,4.07501
"240",6.56103066589657,2.70805020110221,5.09375020080676,0,4.85981240436167,2,1.29357
"241",0.693147180559945,0,4.02535169073515,0,2.07944154167984,1,0
"242",3.46573590279973,0,4.75359019110636,0,3.09104245335832,1,0
"243",0,0,4.21950770517611,0,2.39789527279837,1,0
"244",2.30258509299405,0,3.87120101090789,0,2.07944154167984,1,0
"245",3.25809653802148,0,4.20469261939097,0,2.63905732961526,1,0
"246",4.94875989037817,0.693147180559945,6.35437004079735,0,5.04985600724954,8,14.1631
"247",0,0,4.21950770517611,0,2.39789527279837,1,0
"248",7.39939808333135,8.1934002319521,3.36729582998647,0,7.23345541862144,34,21.8696
"249",4.45434729625351,0,4.68213122712422,0,3.73766961828337,2,1.29357
"250",4.85203026391962,0,4.49980967033027,0,3.80666248977032,2,1.29357
"251",5.19295685089021,0,4.77912349311153,0,4.0943445622221,3,2.35255
"252",2.19722457733622,0,3.97029191355212,0,2.07944154167984,1,0
"253",6.81454289725996,0,2.77258872223978,1,5.44241771052179,20,20.393
"254",5.03695260241363,4.0943445622221,3.3322045101752,1,3.89182029811063,12,9.68336
"255",5.94017125272043,0,3.78418963391826,1,4.85203026391962,5,10.0703
"256",7.77904864492556,2.30258509299405,4.90527477843843,2,6.47543271670409,4,2.38886
"257",7.71467747380093,0,0,0,5.23110861685459,3,2.51582
"258",6.00141487796115,2.07944154167984,0,0,4.39444915467244,3,4.59811
"259",5.89715386763674,5.67332326717149,0.693147180559945,0,4.82028156560504,4,10.1241
"260",3.85014760171006,0,0,0,1.6094379124341,2,4.07501
"261",4.71849887129509,0,1.09861228866811,0,3.29583686600433,1,4.07501
"262",4.77068462446567,0,2.56494935746154,0,3.55534806148941,1,4.07501
"263",4.88280192258637,1.79175946922805,0.693147180559945,0,3.17805383034795,1,4.07501
"264",4.00733318523247,0,0,0,2.39789527279837,1,4.07501
"265",4.18965474202643,0,1.09861228866811,0,2.56494935746154,0,4.07501
"266",4.54329478227,1.09861228866811,0.693147180559945,0,3.2188758248682,2,6.20089
"267",5.6937321388027,0,0,0,4.18965474202643,2,4.98614
"268",4.39444915467244,2.77258872223978,0,0,2.89037175789616,0,4.07501
"269",4.15888308335967,0.693147180559945,2.30258509299405,0,2.484906649788,0,5.19438
"270",5.57215403217776,1.09861228866811,0,0,3.78418963391826,3,9.21398
"271",4.85981240436167,0,0,0,3.09104245335832,0,4.07501
"272",5.5683445037611,0,0.693147180559945,0,4.0943445622221,4,9.07976
"273",5.52146091786225,0,0,0,3.76120011569356,4,6.73444
"274",4.67282883446191,1.79175946922805,0,0,2.83321334405622,1,4.07501
"275",5.30330490805908,0,0,0,3.66356164612965,3,6.70304
"276",5.52146091786225,0,0,0,3.71357206670431,3,7.99656
"277",5.37989735354046,0,0,0,3.58351893845611,3,6.70304
"278",4.55387689160054,0,0,0,2.83321334405622,1,4.07501
"279",7.32778053842163,7.85515700588134,0,1,7.08170858610557,25,19.7948
"280",3.97029191355212,4.71849887129509,0,0,3.46573590279973,1,4.07501
"281",8.26796230533871,6.06145691892802,4.07753744390572,1,7.08170858610557,56,32.2544
"282",5.74620319054015,4.61512051684126,0,0,4.33073334028633,3,1.26759
"283",6.93342302573071,6.31173480915291,1.09861228866811,0,5.77455154554441,7,7.9636
"284",3.95124371858143,1.09861228866811,5.18738580584075,0,0,2,5.54249
"285",6.94889722231331,5.40267738187228,0,0,5.75257263882563,35,24.8564
"286",5.55295958492162,2.83321334405622,0,0,4.06044301054642,1,6.20089
"287",7.24351297466548,3.78418963391826,1.6094379124341,1,5.82304589548302,20,24.5715
"288",5.02388052084628,6.76619171466035,0,0,5.44241771052179,12,12.0762
"289",7.20414929203594,4.9416424226093,0,1,5.8805329864007,26,27.4521
"290",5.77144112313002,4.36944785246702,0.693147180559945,0,4.85981240436167,2,7.51373
"291",6.29156913955832,1.94591014905531,0,0,4.89034912822175,13,20.4932
"292",5.93753620508243,4.87519732320115,0,0,4.96284463025991,5,9.13341
"293",5.97635090929793,5.90808293816893,0,0,5.27811465923052,17,20.2492
"294",5.28826703069454,0.693147180559945,0,0,4.14313472639153,4,7.282
"295",6.23048144757848,5.83188247728352,0,0,5.06890420222023,10,17.5763
"296",5.04342511691925,3.04452243772342,0,0,3.97029191355212,4,6.73444
"297",5.82894561761021,5.79301360838414,3.17805383034795,2,5.0998664278242,9,14.8017
"298",6.85751406254539,4.89783979995091,0,0,5.40267738187228,28,27.6825
"299",7.91935619066062,4.95582705760126,2.56494935746154,1,6.18414889093748,55,37.8606
"300",6.80682936039218,8.60904284504612,0,0,7.48605261786314,18,19.8456
"301",5.2257466737132,4.91265488573605,0,0,4.58496747867057,5,5.26853
"302",4.40671924726425,4.75359019110636,0,0,3.68887945411394,10,11.17
"303",5.44241771052179,3.89182029811063,0,0,4.29045944114839,6,7.32455
"304",5.82008293035236,5.25749537202778,0,0,4.57471097850338,15,21.1473
"305",7.65822752616135,6.03787091992214,0,1,6.06842558824411,50,34.6202
"306",3.68887945411394,5.06259503302697,0,0,4.29045944114839,1,7.18983
"307",5.8664680569333,3.78418963391826,0,0,4.29045944114839,9,23.7357
"308",6.56103066589657,5.91620206260743,0,2,5.44673737166631,14,15.4387
"309",5.98896141688986,6.9177056098353,3.68887945411394,0,5.58724865840025,4,3.63513
"310",7.4599147662411,5.84643877505772,4.94875989037817,2,6.28599809450886,29,30.7687
"311",6.03787091992214,5.56452040732269,0,0,5.01727983681492,6,13.7206
"312",7.01660968389422,7.21817683840341,0,0,6.10031895202006,24,20.8651
"313",7.32184971378836,5.64897423816121,0.693147180559945,3,6.08221891037645,40,29.7618
"314",5.48063892334199,4.06044301054642,0,0,4.33073334028633,6,7.3557
"315",5.42053499927229,6.10924758276437,0,0,5.0998664278242,17,14.2097
"316",4.00733318523247,5.20948615284142,1.38629436111989,0,4.45434729625351,2,7.15525
"317",4.77068462446567,4.00733318523247,0.693147180559945,0,3.49650756146648,1,7.98927
"318",6.78105762593618,7.74802852443238,0,0,6.68461172766793,21,19.5457
"319",7.36264527041782,2.30258509299405,0,1,5.89989735358249,21,23.2611
"320",7.74370325817375,6.87832646829133,0,0,6.63463335786169,57,33.6845
"321",2.99573227355399,5.01727983681492,1.79175946922805,0,3.40119738166216,3,5.19438
"322",3.91202300542815,4.91998092582813,0,0,3.66356164612965,2,7.2883
"323",7.00033446027523,4.21950770517611,0,0,5.48893772615669,41,30.6378
"324",7.55276208421415,6.05678401322862,0.693147180559945,6,6.30627528694802,43,27.3399
"325",4.23410650459726,5.19295685089021,2.484906649788,0,4.45434729625351,2,7.15525
"326",7.16317239084664,6.61740297797448,3.63758615972639,2,6.11368217983223,24,23.6077
"327",6.1463292576689,6.77878489768518,1.38629436111989,0,5.8406416573734,18,16.4642
"328",5.76519110278484,6.2709884318583,1.6094379124341,0,5.26269018890489,15,13.3833
"329",4.68213122712422,3.58351893845611,0,0,3.58351893845611,2,7.7102
"330",5.47227067367148,4.45434729625351,0,0,4.40671924726425,4,7.6133
"331",5.77455154554441,4.35670882668959,0,1,4.26267987704132,13,16.213
"332",4.53259949315326,5.64190707093811,1.94591014905531,0,4.70953020131233,4,9.8326
"333",0,3.55534806148941,0,0,2.07944154167984,0,4.08525
"334",8.13329386122263,2.94443897916644,0,3,6.56385552653213,48,24.4246
"335",6.55535689181067,0,0,0,4.96284463025991,27,21.221
"336",5.82600010738045,2.83321334405622,0,0,4.20469261939097,15,19.225
"337",4.90527477843843,1.79175946922805,0,0,2.63905732961526,6,6.60309
"338",4.81218435537242,1.6094379124341,0,0,2.70805020110221,6,6.60309
"339",6.01859321449623,0,0,1,4.47733681447821,22,20.2148
"340",5.84354441703136,0,0.693147180559945,0,4.52178857704904,9,17.2339
"341",6.72383244082121,0,0,0,5.16478597392351,28,22.6963
"342",5.80211837537706,0,0,0,3.89182029811063,23,17.6478
"343",5.24702407216049,3.40119738166216,0,0,3.40119738166216,13,11.4634
"344",5.32300997913841,2.94443897916644,0,0,3.43398720448515,10,6.15815
"345",5.91079664404053,0,0,0,4.20469261939097,26,21.1753
"346",5.00394630594546,5.56452040732269,0.693147180559945,0,4.53259949315326,8,12.7023
"347",4.49980967033027,3.04452243772342,0,0,3.25809653802148,0,4.07501
"348",6.67329796776765,4.66343909411207,0,0,5.34710753071747,29,27.1274
"349",4.51085950651685,5.65248918026865,0,0,4.85981240436167,5,15.218
"350",0,3.46573590279973,0,0,2.07944154167984,0,6.61333
"351",0.693147180559945,2.70805020110221,1.38629436111989,0,2.56494935746154,0,4.07501
"352",3.80666248977032,3.52636052461616,0.693147180559945,0,2.83321334405622,2,7.45849
"353",6.38687931936265,5.48479693349065,0,0,5.24702407216049,16,19.8678
"354",7.76514490293613,3.93182563272433,1.79175946922805,4,6.20455776256869,37,30.738
"355",6.61472560020376,2.30258509299405,0,2,5.29330482472449,17,23.1815
"356",4.99721227376411,2.07944154167984,0,0,3.55534806148941,3,6.93237
"357",4.74493212836325,4.20469261939097,0,0,3.8286413964891,2,8.43551
"358",4.26267987704132,4.26267987704132,0,0,3.49650756146648,7,9.14824
"359",1.38629436111989,3.09104245335832,1.6094379124341,0,2.484906649788,0,4.07501
"360",0,8.85523562320697,0.693147180559945,0,7.32712329225929,4,6.61079
"361",5.04985600724954,6.7696419768525,0,0,5.4249500174814,12,12.0762
"362",7.1420365747068,0,0,1,5.6937321388027,32,28.5804
"363",6.93049476595163,0,0,1,5.50125821054473,29,26.4203
"364",4.36944785246702,4.55387689160054,0,0,3.68887945411394,0,3.9771
"365",3.68887945411394,4.23410650459726,0,0,3.36729582998647,1,3.9771
"366",7.50659178007084,4.33073334028633,1.94591014905531,1,6.0282785202307,25,25.3215
"367",8.26693534761046,6.38687931936265,1.38629436111989,7,6.89467003943348,48,34.4998
"368",4.68213122712422,3.17805383034795,0,1,3.66356164612965,3,5.29522
"369",5.73334127689775,4.39444915467244,1.6094379124341,0,4.34380542185368,4,13.45
"370",6.18208490671663,0,0,0,4.66343909411207,16,25.0807
"371",4.96284463025991,4.48863636973214,0,1,3.76120011569356,3,8.0715
"372",6.53233429222235,5.70711026474888,0.693147180559945,1,5.38449506278909,26,22.412
"373",4.64439089914137,3.93182563272433,0,0,3.55534806148941,2,11.3038
"374",8.04173471148754,6.63725803128446,2.83321334405622,6,6.66949808985788,40,30.8847
"375",5.57594910314632,0,0,0,4.15888308335967,4,13.4078
"376",5.92157841964382,5.15329159449778,2.94443897916644,0,4.60517018598809,9,12.6182
"377",4.07753744390572,5.0998664278242,3.04452243772342,0,4.29045944114839,7,6.55214
"378",2.83321334405622,4.95582705760126,2.63905732961526,0,3.85014760171006,1,4.07501
"379",4.30406509320417,4.76217393479776,0,0,3.46573590279973,10,10.0134
"380",4.85981240436167,0,0,0,3.73766961828337,2,6.71778
"381",6.52209279817015,6.42324696353352,0,1,5.81413053182507,19,19.2089
"382",5.65248918026865,5.93489419561959,1.94591014905531,0,5.06890420222023,17,15.2779
"383",5.39816270151775,4.26267987704132,0,0,4.36944785246702,3,8.4257
"384",5.40267738187228,4.07753744390572,1.6094379124341,0,3.80666248977032,3,13.1052
"385",4.12713438504509,4.84418708645859,0,0,3.68887945411394,2,7.2883
"386",7.35819375273303,7.43661726523423,3.52636052461616,3,6.66568371778241,31,22.8522
"387",8.37309184744198,5.23110861685459,3.87120101090789,3,6.4377516497364,60,37.7605
"388",5.50125821054473,2.89037175789616,0,0,4.11087386417331,5,6.62651
"389",6.56385552653213,0,0,0,4.97673374242057,16,21.1415
"390",5.57215403217776,6.25766758788264,0,0,5.53733426701854,10,17.3206
"391",5.70044357339069,6.50279004591562,0,0,5.4510384535657,15,13.1474
"392",5.75574221358691,0,0,0,4.27666611901606,2,6.88643
"393",7.54168309988211,6.64118216974059,0,0,2.30258509299405,3,5.96416
"394",4.67282883446191,0,6.23244801655052,0,4.91998092582813,9,17.8093
"395",3.66356164612965,0,6.72262979485545,1,5.04985600724954,9,15.9456
"396",3.76120011569356,0,5.08140436498446,0,2.77258872223978,7,10.8648
"397",4.18965474202643,0,4.76217393479776,0,2.07944154167984,2,3.93934
"398",3.36729582998647,2.77258872223978,5.24702407216049,0,3.93182563272433,4,5.68889
"399",0,0,4.35670882668959,0,3.17805383034795,2,5.12326
"400",5.53733426701854,0,6.85224256905188,0,5.29330482472449,18,19.9756
"401",7.29301767977278,6.09356977004514,9.47577683548064,2,7.84698098213879,117,49.9143
"402",8.68507770041242,10.1886289000782,3.40119738166216,6,8.71833650245078,69,43.9774
"403",2.99573227355399,2.56494935746154,3.95124371858143,0,3.43398720448515,0,4.65831
"404",4.35670882668959,6.91968384984741,4.46590811865458,0,5.75890177387728,1,6.92842
"405",5.22035582507832,5.23644196282995,4.21950770517611,0,4.56434819146784,0,7.26753
"406",4.00733318523247,2.484906649788,4.00733318523247,0,3.29583686600433,0,1.06049
"407",7.44658509915773,6.84587987526405,6.81234509417748,0,6.58617165485467,27,22.1081
"408",3.93182563272433,5.08759633523238,3.17805383034795,0,4.21950770517611,2,8.93874
"409",3.09104245335832,4.00733318523247,5.4553211153577,0,3.40119738166216,2,4.08525
"410",1.6094379124341,2.99573227355399,4.53259949315326,0,3.36729582998647,0,3.5829
"411",5.84354441703136,6.53524127101366,4.02535169073515,0,5.72358510195238,11,17.9172
"412",4.00733318523247,3.97029191355212,4.0943445622221,0,3.71357206670431,0,3.76811
"413",4.9416424226093,4.94875989037817,4.07753744390572,0,4.29045944114839,3,3.97098
"414",6.4723462945009,6.69703424766648,4.72738781871234,0,5.97380961186926,13,18.395
"415",4.48863636973214,3.49650756146648,3.87120101090789,0,3.58351893845611,0,1.06049
"416",4.74493212836325,1.09861228866811,4.21950770517611,0,3.58351893845611,0,1.06049
"417",4.969813299576,6.38856140554563,3.87120101090789,1,5.29831736654804,9,12.482
"418",2.484906649788,0,1.94591014905531,0,1.6094379124341,0,1.10349
"419",2.30258509299405,5.00394630594546,2.07944154167984,0,3.85014760171006,3,10.0961
"420",0,3.76120011569356,6.18208490671663,0,4.77912349311153,4,8.57238
"421",8.19312372151207,9.82563411333126,5.43372200355424,3,8.70251025718999,66,39.6428
"422",6.82762923450285,7.84149292446001,7.0352685992811,1,5.79909265446053,16,18.4276
"423",0,3.91202300542815,5.65248918026865,0,4.48863636973214,1,5.18073
"424",3.46573590279973,4.83628190695148,4.27666611901606,1,4.07753744390572,6,7.52192
"425",0,4.27666611901606,5.57594910314632,0,4.48863636973214,1,5.18073
"426",0,3.95124371858143,5.84643877505772,0,4.55387689160054,1,6.34778
"427",0.693147180559945,3.66356164612965,0,0,1.38629436111989,10,8.91433
"428",0,3.66356164612965,5.8664680569333,0,4.55387689160054,1,5.7915
"429",2.19722457733622,3.29583686600433,5.77455154554441,0,4.43081679884331,1,3.42081
"430",4.58496747867057,6.92067150424868,2.83321334405622,0,5.78689738136671,8,7.35509
"431",6.00388706710654,6.97073007814353,5.55682806169954,2,5.98141421125448,17,14.9141
"432",5.55682806169954,5.78074351579233,0,0,5.05624580534831,4,7.88266
"433",6.22851100359118,4.40671924726425,6.43454651878745,1,5.50533153593236,22,23.6109
"434",7.14991683613211,4.60517018598809,7.5234813125735,1,6.01126717440416,32,35.4473
"435",3.80666248977032,2.63905732961526,6.32793678372919,0,4.77068462446567,4,5.41047
"436",3.49650756146648,0,4.12713438504509,0,3.71357206670431,0,4.07501
"437",7.60887062919126,7.66622192566273,1.09861228866811,0,7.09090982207998,9,0
"438",1.94591014905531,0,4.02535169073515,0,2.484906649788,4,10.9438
"439",4.06044301054642,0,4.47733681447821,0,3.68887945411394,2,6.4938
"440",3.95124371858143,0,5.72031177660741,0,4.14313472639153,9,11.1338
"441",2.63905732961526,1.79175946922805,4.12713438504509,0,2.56494935746154,0,1.06049
"442",3.68887945411394,2.07944154167984,3.93182563272433,0,2.89037175789616,0,1.06049
"443",5.37989735354046,0,3.40119738166216,0,3.55534806148941,2,4.06989
"444",6.40025744530882,3.49650756146648,0,0,4.98360662170834,4,5.18843
"445",6.55535689181067,4.77068462446567,4.0943445622221,2,4.9416424226093,11,13.0996
"446",6.84587987526405,0,0,0,5.57972982598622,8,7.61486
"447",7.43779512167193,5.28826703069454,3.55534806148941,2,5.94017125272043,17,14.9914
"448",6.81673588059497,5.31811999384422,4.57471097850338,0,4.20469261939097,6,8.14156
"449",5.46806014113513,0,1.94591014905531,2,4.00733318523247,0,3.97098
"450",4.86753445045558,1.94591014905531,0,0,3.3322045101752,6,5.25685
"451",4.30406509320417,4.11087386417331,0,0,3.17805383034795,3,5.26853
"452",7.33432935030054,3.09104245335832,1.09861228866811,0,5.96100533962327,11,10.0952
"453",6.11368217983223,6.55677835615804,2.94443897916644,0,5.74620319054015,4,3.17913
"454",4.29045944114839,3.55534806148941,0,0,3.17805383034795,5,5.87361
"455",7.18992217074581,8.19367666595524,3.52636052461616,0,7.27309259599952,15,14.1223
"456",0,3.78418963391826,0,0,2.99573227355399,5,8.13684
"457",1.38629436111989,4.00733318523247,1.09861228866811,0,3.63758615972639,1,6.77104
"458",1.09861228866811,4.00733318523247,0,0,3.66356164612965,1,6.77104
"459",7.91790058632792,6.3578422665081,8.4986218058308,1,6.88243747099785,76,36.059
"460",2.70805020110221,1.09861228866811,3.98898404656427,0,2.30258509299405,0,1.09529
"461",0,8.8110561229431,0,0,7.31388683163346,7,10.2807
"462",0,3.89182029811063,0,0,3.68887945411394,1,6.77104
"463",0,3.85014760171006,0,0,3.61091791264422,1,6.77104
"464",0,4.92725368515721,0,0,4.02535169073515,1,6.77104
"465",1.6094379124341,3.98898404656427,0,0,3.71357206670431,1,6.77104
"466",2.77258872223978,3.73766961828337,0,0,3.63758615972639,1,6.77104
"467",0,3.73766961828337,2.56494935746154,0,3.3322045101752,0,4.08525
"468",6.67834211465433,3.68887945411394,3.40119738166216,0,5.02388052084628,4,9.16287
"469",5.18178355029209,2.99573227355399,0,0,3.49650756146648,0,2.95593
"470",6.74170069465205,1.6094379124341,0,0,5.25227342804663,16,21.0952
"471",5.25749537202778,5.31811999384422,0,0,5.0998664278242,2,7.44972
"472",3.8286413964891,0,0,0,2.07944154167984,0,0
"473",8.31801027754687,3.66356164612965,2.63905732961526,1,6.85435450225502,46,32.4393
"474",5.76205138278018,1.79175946922805,0,0,2.94443897916644,7,16.2655
"475",8.06400734709666,4.71849887129509,4.24849524204936,1,6.30444880242198,30,29.0867
"476",6.82437367004309,0,1.09861228866811,0,5.35185813347607,20,18.513
"477",8.56388591940822,2.07944154167984,3.73766961828337,1,6.99576615630485,82,41.9795
"478",7.9672801789422,3.55534806148941,4.31748811353631,4,6.53378883793334,34,30.2239
"479",5.29330482472449,4.36944785246702,0,0,3.36729582998647,5,8.12682
"480",7.02019070831193,0.693147180559945,0,3,5.52942908751142,16,24.0421
"481",4.31748811353631,0,0.693147180559945,0,3.09104245335832,1,5.34312
"482",4.11087386417331,0,0,0,2.39789527279837,1,1.26811
"483",6.04263283368238,0.693147180559945,3.43398720448515,0,4.76217393479776,2,2.22103
"484",3.40119738166216,0,0,0,1.6094379124341,0,4.07501
"485",6.73459165997295,3.46573590279973,3.40119738166216,0,5.23110861685459,11,19.5989
"486",6.38856140554563,4.68213122712422,2.77258872223978,0,5.18178355029209,8,12.6921
"487",8.67999208172133,0,5.14166355650266,3,6.97541392745595,44,37.4003
"488",5.05624580534831,1.6094379124341,0,0,3.52636052461616,3,5.86013
"489",8.10228362448007,2.77258872223978,2.89037175789616,3,6.58617165485467,34,32.6911
"490",7.4312996751559,4.45434729625351,2.83321334405622,1,5.93753620508243,24,14.8368
"491",8.07806788181544,0,1.38629436111989,3,6.60258789218934,49,28.9486
"492",8.13593277200489,3.46573590279973,0,8,6.61740297797448,80,41.1012
"493",5.20948615284142,0,3.52636052461616,0,3.55534806148941,1,1.47165
"494",6.75925527066369,1.79175946922805,2.484906649788,1,4.75359019110636,5,10.9152
"495",6.49526555593701,0,2.30258509299405,4,4.91998092582813,7,14.2157
"496",4.99043258677874,0,0,0,3.2188758248682,5,11.0731
"497",7.72797554210556,0.693147180559945,0,0,6.02344759296103,44,31.4543
"498",6.97634807044775,0,0,0,3.55534806148941,14,22.2757
"499",8.17413934342947,0,3.13549421592915,2,6.76503897678054,69,35.6247
"500",4.74493212836325,0,0,0,2.63905732961526,1,4.07501
"501",4.30406509320417,0,0,0,2.30258509299405,3,8.13317
"502",4.8283137373023,0,0.693147180559945,0,2.19722457733622,2,6.55162
"503",3.93182563272433,0,0,0,1.94591014905531,0,4.07501
"504",5.40267738187228,0,1.94591014905531,0,3.89182029811063,2,11.296
"505",6.32256523992728,0,2.07944154167984,0,4.86753445045558,24,20.4542
"506",8.11939858961229,5.46806014113513,5.55295958492162,1,6.73459165997295,50,37.0956
"507",9.59607884990031,3.25809653802148,2.07944154167984,8,7.96485088744731,214,48.7643
"508",4.24849524204936,3.78418963391826,1.6094379124341,0,3.87120101090789,0,4.07501
"509",8.79315687091382,0,4.43081679884331,6,7.28756064030972,74,39.1311
"510",5.06259503302697,0,1.09861228866811,0,2.39789527279837,4,5.52652
"511",3.8286413964891,0,0,0,1.79175946922805,1,7.88927
"512",7.33106030521863,0,2.94443897916644,2,5.11799381241676,10,20.293
"513",7.95682712209011,2.94443897916644,1.09861228866811,3,6.65157187358973,56,35.3663
"514",7.1785454837637,0,3.2188758248682,1,5.8111409929767,45,27.3456
"515",4.90527477843843,2.484906649788,0,1,3.63758615972639,1,3.3409
"516",5.68017260901707,0,2.19722457733622,0,4.17438726989564,7,12.5452
"517",3.93182563272433,0,0,1,2.07944154167984,0,5.41657
"518",4.69134788222914,3.55534806148941,0,0,3.58351893845611,3,13.2396
"519",7.61923341622681,0,2.484906649788,1,6.2803958389602,28,27.658
"520",6.41345895716736,8.38958706681109,5.6021188208797,7,7.24422751560335,81,29.6783
"521",5.44673737166631,8.39185670010494,8.11581970121133,0,7.72444664563354,10,15.6896
"522",0,6.30078579466324,5.36597601502185,0,5.36129216570943,6,8.41166
"523",5.20948615284142,5.70044357339069,0,0,4.11087386417331,5,7.70056
"524",7.17242457712485,7.59538727885397,4.61512051684126,3,6.67959918584438,59,24.2321
"525",0,3.71357206670431,0,0,2.30258509299405,6,4.98774
"526",8.87430803858335,10.2853769241156,5.40267738187228,4,0,173,43.3291
"527",4.54329478227,6.56385552653213,0.693147180559945,0,5.22035582507832,2,1.29357
"528",5.70711026474888,7.12367278520461,0,0,5.52545293913178,7,11.93
"529",5.05624580534831,6.63331843328038,0,0,5.15329159449778,3,8.50122
"530",6.26149168432104,5.86929691313377,0,0,5.23110861685459,7,10.4389
"531",3.91202300542815,4.02535169073515,0,0,3.29583686600433,0,4.07501
"532",5.82304589548302,6.62804137617953,0,0,5.11799381241676,6,10.2069
"533",5.12989871492307,5.78382518232974,0,0,4.68213122712422,2,5.43024
"534",6.5410299991899,7.36264527041782,0.693147180559945,0,6.01615715969835,15,19.1826
"535",2.07944154167984,4.57471097850338,0.693147180559945,0,3.17805383034795,0,4.07501
"536",7.09672137849476,7.13489085156588,1.09861228866811,0,6.15060276844628,12,13.767
"537",6.04500531403601,6.00388706710654,0.693147180559945,0,5.06890420222023,6,10.2014
"538",2.70805020110221,6.67582322163485,0.693147180559945,0,5.25749537202778,6,4.49837
"539",0,5.29330482472449,0,0,3.76120011569356,1,1.27976
"540",0,9.12172771361958,6.63987583382654,1,8.14612951002541,85,27.9911
"541",0,6.99025650049388,5.50533153593236,0,4.91998092582813,2,8.02975
"542",7.61677580869837,4.88280192258637,4.64439089914137,0,5.34710753071747,28,24.2091
"543",7.01211529430638,6.18414889093748,5.18178355029209,0,5.50938833662798,2,1.47165
"544",5.16478597392351,3.49650756146648,3.49650756146648,0,2.70805020110221,8,9.05061
"545",3.55534806148941,0,3.71357206670431,0,1.6094379124341,4,4.66145
"546",3.8286413964891,0,0,0,1.38629436111989,3,4.08525
"547",3.80666248977032,0,1.09861228866811,0,1.38629436111989,3,4.08525
"548",5.36597601502185,5.15905529921453,5.72031177660741,0,5.10594547390058,11,14.0643
"549",5.64544689764324,3.29583686600433,5.96100533962327,0,4.84418708645859,19,11.0206
"550",5.87493073085203,3.68887945411394,4.8283137373023,0,3.66356164612965,13,14.2655
"551",10.1818387272464,7.11314210870709,5.36597601502185,8,8.79057347915716,194,43.7616
"552",2.83321334405622,0,2.39789527279837,0,1.38629436111989,0,4.07501
"553",0,1.09861228866811,5.94542060860658,0,4.94875989037817,3,1.84991
"554",2.07944154167984,4.4188406077966,6.07534603108868,2,5.03695260241363,1,1.29357
"555",7.8811822022271,5.40267738187228,0,0,5.7037824746562,2,1.09529
"556",7.69848278788095,7.40974195408092,3.87120101090789,0,6.74523634948436,21,0
"557",5.75574221358691,3.78418963391826,3.25809653802148,0,4.20469261939097,15,13.0619
"558",2.39789527279837,5.73334127689775,4.30406509320417,0,4.68213122712422,6,7.11369
"559",1.09861228866811,1.6094379124341,4.91998092582813,0,3.93182563272433,1,4.07501
"560",6.29341927884648,5.84932477994686,4.36944785246702,0,5.74300318780948,1,4.07501
"561",0.693147180559945,4.07753744390572,5.6021188208797,0,4.60517018598809,3,3.0444
"562",0,0,5.43372200355424,0,4.55387689160054,1,1.47165
"563",0,3.09104245335832,5.31811999384422,0,4.27666611901606,0,3.9771
"564",0,3.68887945411394,5.83773044716594,0,4.75359019110636,0,3.9771
"565",0,3.09104245335832,5.31811999384422,0,4.31748811353631,1,3.9771
"566",0,4.11087386417331,5.83188247728352,0,4.81218435537242,1,3.9771
"567",0,2.484906649788,5.8636311755981,0,4.77068462446567,1,5.56106
"568",0,3.17805383034795,5.85507192220243,0,4.77068462446567,1,2.27054
"569",3.09104245335832,3.46573590279973,5.39816270151775,0,4.38202663467388,1,3.9771
"570",3.68887945411394,2.83321334405622,5.43372200355424,0,4.38202663467388,1,3.9771
"571",5.06890420222023,4.27666611901606,6.12249280951439,0,4.39444915467244,7,11.6815
"572",0.693147180559945,2.39789527279837,5.40717177146012,0,4.36944785246702,3,7.10696
"573",0,4.02535169073515,6.11589212548303,0,4.85203026391962,2,8.23039
"574",0,1.79175946922805,4.99721227376411,0,4.17438726989564,1,4.07501
"575",0,2.39789527279837,5.79909265446053,0,4.64439089914137,0,2.57445
"576",0,0,5.82008293035236,0,4.64439089914137,6,2.4812
"577",4.33073334028633,6.24997524225948,7.43070708254597,1,6.24222326545517,25,25.9159
"578",2.30258509299405,0,2.19722457733622,0,0,1,0
"579",3.87120101090789,0,5.03695260241363,1,4.04305126783455,1,0
"580",2.56494935746154,2.30258509299405,3.17805383034795,0,0,1,1.47165
"581",2.484906649788,0,2.94443897916644,0,0,4,7.68944
"582",2.99573227355399,2.30258509299405,5.84643877505772,0,4.27666611901606,3,6.6689
"583",0,0,5.05624580534831,0,4.02535169073515,1,0
"584",0,0,4.969813299576,0,3.36729582998647,1,6.94335
"585",1.09861228866811,0,5.46806014113513,0,3.66356164612965,6,5.41015
"586",4.91265488573605,2.07944154167984,5.73657229747919,2,4.40671924726425,9,15.7259
"587",5.27299955856375,4.66343909411207,6.00388706710654,1,4.85203026391962,10,15.7424
"588",7.0184017990692,3.85014760171006,6.83625927727707,1,6.27287700654617,31,25.6644
"589",7.18992217074581,0,7.73105314400713,1,6.54965074223381,45,29.2704
"590",7.09423484592476,4.04305126783455,4.17438726989564,0,5.37989735354046,8,11.4729
"591",0,5.54126354515843,6.89871453432999,0,5.62040086571715,14,8.8113
"592",0,0,5.03695260241363,0,3.49650756146648,3,6.85444
"593",0,0,4.77068462446567,0,3.17805383034795,0,5.1154
"594",0,0,5.82894561761021,0,4.26267987704132,4,10.492
"595",2.94443897916644,0,3.43398720448515,0,1.38629436111989,0,4.07501
"596",6.27287700654617,0,8.06620756800626,2,6.46146817635372,41,36.8083
"597",3.66356164612965,0.693147180559945,0.693147180559945,1,1.6094379124341,0,4.07501
"598",3.29583686600433,2.99573227355399,7.12929754892937,1,5.59842195899838,28,25.0221
"599",2.19722457733622,0,6.73696695800186,0,5.24702407216049,8,9.44802
"600",3.63758615972639,0,6.08221891037645,0,4.62497281328427,6,10.2582
"601",2.07944154167984,0,6.50727771238501,0,4.69134788222914,7,14.1927
"602",0,0,5.18178355029209,0,2.94443897916644,5,7.56137
"603",0,0,5.2040066870768,0,3.52636052461616,3,2.50744
"604",2.70805020110221,0,4.85203026391962,0,2.99573227355399,3,4.23423
"605",0.693147180559945,1.94591014905531,4.21950770517611,0,2.77258872223978,1,6.70721
"606",5.80814248998044,0,8.2537483433285,1,6.56103066589657,39,27.5325
"607",0,1.94591014905531,8.00068478451475,0,6.49526555593701,31,32.0766
"608",2.70805020110221,0,3.3322045101752,0,1.38629436111989,0,4.07501
"609",4.98360662170834,0,7.29437729928882,0,5.605802066296,14,14.9973
"610",0,0,4.92725368515721,0,3.73766961828337,1,4.07501
"611",2.99573227355399,0,3.61091791264422,0,2.30258509299405,0,4.07501
"612",3.85014760171006,0.693147180559945,4.8283137373023,0,3.80666248977032,1,4.07501
"613",6.27664348934164,0,5.99146454710798,1,4.94875989037817,6,8.432
"614",3.8286413964891,2.19722457733622,5.6970934865054,0,4.23410650459726,5,5.38431
"615",6.08221891037645,5.4971682252932,7.68799716639302,1,6.3297209055227,18,18.8534
"616",0,3.09104245335832,5.04985600724954,0,4.04305126783455,2,4.07501
"617",0,0,4.57471097850338,0,3.36729582998647,0,6.37263
"618",3.66356164612965,0,4.76217393479776,1,3.17805383034795,6,7.57299
"619",4.4188406077966,2.30258509299405,4.23410650459726,0,2.30258509299405,6,6.50029
"620",0,0,5.73334127689775,0,4.15888308335967,7,8.1662
"621",6.50727771238501,3.80666248977032,7.68616230349291,0,6.30991827822652,44,29.5302
"622",6.33150184989369,0,6.0137151560428,1,5.01063529409626,6,7.49694
"623",0,0,5.72031177660741,0,4.23410650459726,7,11.2467
"624",4.12713438504509,0,4.12713438504509,0,3.3322045101752,2,6.4938
"625",0,2.56494935746154,4.06044301054642,0,3.09104245335832,0,1.70656
"626",0.693147180559945,0,7.61332497954064,1,6.1527326947041,11,14.2639
"627",3.43398720448515,5.16478597392351,8.80732226751107,4,7.20117088328168,36,27.2818
"628",0,0,5.55295958492162,1,3.95124371858143,0,0
"629",0,0,6.59441345974978,0,4.95582705760126,14,9.60428
"630",6.44888939414686,4.52178857704904,8.31287139434261,1,6.72262979485545,73,30.9896
"631",3.04452243772342,0,3.87120101090789,0,2.30258509299405,1,10.7711
"632",5.91889385427315,3.78418963391826,6.4281052726846,0,4.06044301054642,21,18.4584
"633",7.30249642372733,6.12686918411419,6.77422388635761,1,6.26530121273771,22,15.7278
"634",3.2188758248682,0,6.86380339145295,0,4.8283137373023,8,17.8759
"635",1.09861228866811,0,6.91075078796194,1,5.41164605185504,12,13.7034
"636",2.63905732961526,5.12989871492307,7.87016594646984,1,6.24804287450843,26,17.5543
"637",0,0,6.38687931936265,0,4.47733681447821,10,9.60485
"638",0,5.5683445037611,6.64378973314767,0,4.96284463025991,9,9.44761
"639",4.68213122712422,3.87120101090789,5.48063892334199,0,4.35670882668959,10,10.984
"640",2.70805020110221,4.4188406077966,6.03548143252476,0,4.43081679884331,8,15.9473
"641",3.25809653802148,3.91202300542815,5.4249500174814,0,4.0943445622221,7,8.7196
"642",5.08759633523238,3.68887945411394,5.19849703126583,0,4.17438726989564,9,11.0281
"643",0,4.14313472639153,5.74620319054015,0,4.06044301054642,8,11.9751
"644",0,0,6.44888939414686,0,4.43081679884331,9,14.8353
"645",4.20469261939097,0,5.78382518232974,0,3.58351893845611,1,2.50744
"646",3.3322045101752,5.68697535633982,6.20455776256869,1,4.84418708645859,8,15.0958
"647",4.24849524204936,3.58351893845611,5.48479693349065,0,4.14313472639153,7,8.7196
"648",0,0,4.36944785246702,0,2.39789527279837,1,5.16293
"649",1.6094379124341,3.87120101090789,6.30991827822652,0,4.63472898822964,12,14.4964
"650",0,0,6.29156913955832,0,4.79579054559674,3,10.025
"651",0,0,6.15060276844628,0,4.51085950651685,10,9.5041
"652",0,1.79175946922805,7.65396918047877,1,6.04025471127741,26,26.7583
"653",3.61091791264422,2.83321334405622,9.19288897836243,2,7.65775527113487,101,41.3943
"654",0,0,5.4510384535657,0,3.73766961828337,6,5.25685
"655",0,2.484906649788,3.87120101090789,0,2.56494935746154,1,1.70656
"656",5.52942908751142,8.07059353994952,6.44413125670044,0,3.89182029811063,1,0
"657",3.95124371858143,9.30792070031505,7.01211529430638,2,6.81124437860129,28,27.8882
"658",5.06259503302697,8.2190566610606,2.39789527279837,0,4.53259949315326,8,10.8995
"659",0,6.9782137426307,6.73340189183736,0,5.55682806169954,8,17.7564
"660",5.66296048013595,6.35610766069589,7.64204440287326,1,6.4085287910595,7,7.07936
"661",0,4.88280192258637,3.68887945411394,0,3.95124371858143,3,2.61009
"662",0,3.80666248977032,3.63758615972639,0,2.39789527279837,0,2.36846
"663",1.09861228866811,5.85220247977447,5.02388052084628,0,4.80402104473326,2,6.63337
"664",3.58351893845611,5.84932477994686,4.0943445622221,0,4.31748811353631,3,9.32465
"665",0,4.75359019110636,4.12713438504509,0,4.0943445622221,1,4.07501
"666",0,4.65396035015752,3.68887945411394,0,0,0,4.07501
"667",0.693147180559945,7.79688034278352,6.20253551718792,0,6.16331480403464,6,10.7103
"668",0,3.36729582998647,4.61512051684126,0,2.94443897916644,1,9.12702
"669",0,6.3578422665081,5.06890420222023,0,4.36944785246702,2,9.17374
"670",0.693147180559945,4.64439089914137,2.70805020110221,0,3.2188758248682,2,5.60179
"671",0,0,5.30330490805908,0,3.61091791264422,4,8.14238
"672",6.84268328223842,0.693147180559945,6.37331978957701,0,5.27811465923052,2,10.302
"673",3.98898404656427,0,3.3322045101752,0,2.89037175789616,0,4.07501
"674",3.25809653802148,0,5.42934562895444,0,3.61091791264422,4,8.6406
"675",0,0,5.16478597392351,0,3.3322045101752,2,1.67023
"676",0,0.693147180559945,6.80350525760834,3,5.26269018890489,4,2.31501
"677",0,0,5.41610040220442,0,3.40119738166216,4,4.4156
"678",0,0,5.65248918026865,0,4.04305126783455,5,2.27131
"679",5.59842195899838,0,6.86901445066571,0,5.54126354515843,2,8.42439
"680",6.25575004175337,0,4.86753445045558,0,5.04342511691925,6,12.7841
"681",6.18001665365257,0,6.38856140554563,0,5.49306144334055,12,14.4323
"682",7.86095636487639,0,6.65544035036765,0,6.44571981938558,36,27.7744
"683",4.23410650459726,0,3.3322045101752,0,2.89037175789616,0,6.26221
"684",6.27476202124194,0,7.34148385236316,0,6.04973345523196,33,23.3337
"685",2.56494935746154,0,6.43294009273918,0,5.05624580534831,7,8.94796
"686",4.7361984483945,0,5.92157841964382,0,4.64439089914137,9,9.05113
"687",6.74405918631135,2.07944154167984,8.11162807830774,1,7.02108396428914,27,18.5538
"688",3.58351893845611,2.30258509299405,5.6021188208797,0,4.15888308335967,8,9.21502
"689",3.63758615972639,0,5.19295685089021,0,4.06044301054642,7,9.78944
"690",2.07944154167984,0,2.94443897916644,0,0,3,5.33714
"691",0,7.23056315340929,8.15679704667565,0,7.01929665371504,40,30.0415
"692",0,2.19722457733622,5.33271879326537,0,4.04305126783455,2,9.22461
"693",3.17805383034795,1.38629436111989,6.56667242980324,1,4.90527477843843,18,16.1076
"694",3.85014760171006,0.693147180559945,6.07993319509559,0,4.60517018598809,2,9.51627
"695",1.6094379124341,0,5.63835466933375,0,4.21950770517611,7,8.73596
"696",0,0.693147180559945,2.77258872223978,0,0,0,4.07501
"697",5.88887795833288,5.09375020080676,6.59714570188665,2,5.93489419561959,9,11.7427
"698",0,0,4.81218435537242,0,3.49650756146648,1,1.28741
"699",0,0,5.4510384535657,0,3.66356164612965,1,7.01353
"700",0,0,5.52545293913178,0,4.06044301054642,2,1.08792
"701",0,0,6.58479139238572,0,4.85203026391962,6,11.6504
"702",0,0,3.25809653802148,0,1.38629436111989,1,4.07501
"703",0,0,6.80572255341699,0,5.2257466737132,19,16.2509
"704",0,0,4.24849524204936,0,1.6094379124341,2,6.5762
"705",3.04452243772342,0,6.38519439899773,0,4.30406509320417,22,19.5164
"706",0,2.63905732961526,5.36597601502185,0,3.40119738166216,1,0
"707",4.02535169073515,4.17438726989564,7.67925142595306,1,6.22653666928747,36,25.1307
"708",0,3.98898404656427,7.74196789982069,0,6.18620862390049,14,10.3083
"709",5.38449506278909,4.85203026391962,7.19518732017871,0,5.87211778947542,8,11.7544
"710",0,1.6094379124341,4.89783979995091,0,3.87120101090789,3,6.65212
"711",4.49980967033027,0.693147180559945,5.99396142730657,0,4.66343909411207,0,5.1154
"712",0,0,7.10496544826984,1,5.46383180502561,28,16.4611
"713",0,0,6.71417052990947,1,5.11799381241676,7,12.7614
"714",0,0,4.81218435537242,0,3.3322045101752,2,4.07501
"715",5.47227067367148,4.34380542185368,9.72597441673448,9,7.81439963380449,141,46.3868
"716",0,5.06890420222023,7.83280751652486,0,6.2709884318583,29,19.3262
"717",2.19722457733622,0.693147180559945,7.26961674960817,0,5.65948221575962,15,8.29601
"718",4.29045944114839,4.20469261939097,9.2179116374725,4,7.38274644973891,128,40.4352
"719",0,0,7.14440718032114,1,5.52942908751142,25,22.3638
"720",4.26267987704132,5.26269018890489,5.84932477994686,0,4.4188406077966,2,5.1154
"721",2.39789527279837,2.07944154167984,4.65396035015752,0,3.43398720448515,0,4.07501
"722",7.02731451403978,6.66949808985788,6.47543271670409,0,5.91079664404053,10,8.29017
"723",3.29583686600433,4.86753445045558,5.605802066296,0,4.49980967033027,5,8.33084
"724",5.72358510195238,6.27664348934164,6.95081476844258,0,5.79605775076537,4,8.58816
"725",3.2188758248682,4.34380542185368,5.97888576490112,0,4.14313472639153,4,6.92698
"726",0,5.54517744447956,6.03787091992214,0,4.49980967033027,4,7.54777
"727",3.2188758248682,6.10031895202006,6.23441072571837,0,4.99043258677874,2,6.49901
"728",6.58479139238572,5.61312810638807,7.12044437239249,0,6.00388706710654,6,8.87298
"729",3.17805383034795,7.07749805356923,7.20340552108309,0,6.18001665365257,4,7.96737
"730",0,4.17438726989564,5.82304589548302,0,3.93182563272433,3,6.92698
"731",6.03787091992214,6.80682936039218,7.12849594568004,0,6.04025471127741,11,12.0518
"732",0,2.89037175789616,4.51085950651685,0,2.63905732961526,1,5.1154
"733",5.95842469302978,4.90527477843843,5.25227342804663,0,4.65396035015752,9,13.1641
"734",6.13339804299665,5.73334127689775,5.67332326717149,1,5.40717177146012,13,13.7497
"735",0,0,4.79579054559674,0,2.484906649788,0,5.07933
"736",6.04025471127741,5.2257466737132,6.25766758788264,0,5.74620319054015,19,11.6167
"737",4.75359019110636,0,4.07753744390572,0,2.94443897916644,2,5.19438
"738",2.39789527279837,4.18965474202643,3.52636052461616,0,3.29583686600433,1,0
"739",0,0,6.45833828334479,0,5.06259503302697,7,10.9499
"740",0,0,4.58496747867057,0,2.30258509299405,2,6.92698
"741",0,0,6.87316383421252,0,5.44673737166631,3,8.31142
"742",0,0,4.61512051684126,0,2.30258509299405,2,6.92698
"743",0.693147180559945,0,6.98378996525813,0,5.11198778835654,3,6.9656
"744",6.3919171133926,0,6.04500531403601,0,5.18738580584075,8,14.7371
"745",6.95463886488099,0,8.13241267450091,0,6.53958595561767,35,24.7695
"746",0,0,5.67332326717149,0,4.35670882668959,1,0
"747",0,0,3.63758615972639,0,1.38629436111989,1,1.06049
"748",3.66356164612965,0,7.28276117960559,0,5.79301360838414,22,16.967
"749",0,0,4.00733318523247,0,1.94591014905531,1,4.07501
"750",0,0,7.09257371597468,0,5.4553211153577,5,10.9911
"751",0,0,4.74493212836325,0,3.43398720448515,4,8.73596
"752",0,3.04452243772342,7.43543801981455,0,5.87773578177964,23,19.6881
"753",0,0,4.91998092582813,0,3.25809653802148,2,6.65212
"754",0,0,7.83597458172157,1,6.31896811374643,39,23.8259
"755",0,0,6.44571981938558,0,4.70953020131233,11,10.0996
"756",0,0,5.98141421125448,1,4.35670882668959,3,5.07652
"757",4.07753744390572,3.91202300542815,6.78671695060508,0,5.25227342804663,31,25.6173
"758",0,0,5.70044357339069,0,4.49980967033027,2,7.25379
"759",0,0,5.39362754635236,0,3.36729582998647,3,7.42989
"760",0,0,5.13579843705026,0,3.36729582998647,2,6.92698
"761",4.17438726989564,0,4.02535169073515,0,3.17805383034795,1,6.94335
"762",4.35670882668959,0,3.91202300542815,0,3.17805383034795,1,6.94335
"763",4.23410650459726,0,4.33073334028633,0,3.29583686600433,2,9.47399
"764",4.21950770517611,0,3.95124371858143,0,3.17805383034795,2,9.52046
"765",4.21950770517611,0,4.07753744390572,0,3.17805383034795,2,9.52046
"766",4.07753744390572,0,4.44265125649032,0,3.29583686600433,4,9.59103
"767",0.693147180559945,0,4.81218435537242,0,0,1,0
"768",2.94443897916644,0,4.20469261939097,0,2.56494935746154,1,6.86677
"769",7.44716835960004,0,8.0487882835342,1,6.5694814204143,41,35.6225
"770",4.27666611901606,0,6.81014245011514,0,5.48479693349065,6,11.8899
"771",6.24027584517077,0,5.09375020080676,0,4.92725368515721,8,13.5885
"772",0,0.693147180559945,5.92425579741453,0,4.38202663467388,5,3.9771
"773",0,1.09861228866811,6.85646198459459,1,5.27811465923052,5,13.2788
"774",7.53155238140729,5.95583736946483,6.11809719804135,0,6.56244409369372,17,20.2507
"775",0,1.09861228866811,6.81783057145415,0,5.33753807970132,10,12.1787
"776",0,2.30258509299405,6.22257626807137,0,4.81218435537242,3,10.9131
"777",5.40267738187228,1.09861228866811,0,0,3.46573590279973,1,1.29561
"778",0.693147180559945,0,8.05990833457828,3,6.46925031679577,33,26.4736
"779",1.38629436111989,0,4.64439089914137,0,3.2188758248682,0,6.91346
"780",0,0,4.53259949315326,1,2.83321334405622,4,11.8809
"781",0,3.25809653802148,5.18738580584075,0,3.97029191355212,0,4.07501
"782",0,0,5.6021188208797,0,3.91202300542815,6,7.96225
"783",0,0,4.76217393479776,0,3.25809653802148,1,4.07501
"784",0,0,4.96284463025991,0,3.43398720448515,0,4.07501
"785",2.99573227355399,0.693147180559945,5.25227342804663,1,3.58351893845611,10,13.2934
"786",7.07665381544395,3.29583686600433,3.78418963391826,0,5.46383180502561,20,20.5292
"787",0,0,3.73766961828337,0,0,1,5.33714
"788",3.09104245335832,0,6.72503364216684,1,4.98360662170834,12,15.8578
"789",0.693147180559945,0,5.35658627467201,0,3.95124371858143,3,8.50582
"790",4.02535169073515,0,5.55295958492162,0,3.85014760171006,3,9.08309
"791",3.09104245335832,0,7.86249719723055,1,5.66988092298052,34,34.0926
"792",4.85981240436167,0.693147180559945,4.26267987704132,0,3.58351893845611,1,0
"793",3.55534806148941,0,6.56244409369372,0,5.04985600724954,8,13.1836
"794",6.65286302935335,2.63905732961526,2.77258872223978,0,4.31748811353631,2,2.57538
"795",4.46590811865458,3.71357206670431,4.74493212836325,1,3.93182563272433,4,13.8528
"796",7.73543335249969,2.07944154167984,4.77068462446567,1,6.13772705408623,15,23.0053
"797",2.77258872223978,0,5.90808293816893,0,4.29045944114839,7,10.7589
"798",7.42476176182321,0,3.17805383034795,1,5.40717177146012,12,15.1101
"799",6.76503897678054,0,4.93447393313069,1,5.04342511691925,15,21.3849
"800",3.40119738166216,0,3.49650756146648,1,2.07944154167984,3,7.82832
"801",3.68887945411394,0,3.40119738166216,1,2.07944154167984,4,8.4491
"802",3.58351893845611,0,2.77258872223978,1,2.07944154167984,5,5.04743
"803",7.40000951716269,0,3.63758615972639,1,5.61677109766657,24,22.2053
"804",5.75890177387728,0,3.80666248977032,1,4.15888308335967,11,8.96672
"805",4.54329478227,3.52636052461616,0,0,3.36729582998647,2,2.80457
"806",3.49650756146648,0,4.00733318523247,1,1.94591014905531,1,0
"807",3.43398720448515,0,5.81413053182507,1,4.17438726989564,4,9.52687
"808",1.09861228866811,0,5.54126354515843,1,3.91202300542815,2,2.50899
"809",5.15329159449778,0,6.42162226780652,0,4.94875989037817,10,10.3262
"810",6.64248680136726,2.19722457733622,5.97635090929793,1,5.7268477475872,21,17.1181
"811",5.89715386763674,0,2.63905732961526,1,4.18965474202643,6,11.6607
"812",4.31748811353631,0,5.41164605185504,0,3.78418963391826,8,11.3437
"813",5.91889385427315,5.34710753071747,5.11198778835654,0,5.01063529409626,9,9.33444
"814",8.81507308884446,5.70044357339069,8.24852912480022,5,7.33432935030054,135,42.2808
"815",7.89170465933011,6.62007320653036,3.52636052461616,0,6.52502965784346,36,17.5678
"816",6.20050917404269,4.86753445045558,4.969813299576,0,4.96284463025991,1,0
"817",8.00903068506973,0,4.59511985013459,3,6.26720054854136,57,33.9297
"818",6.86171134048073,0,4.969813299576,1,5.19849703126583,23,19.2708
"819",5.5834963087817,0,5.64190707093811,1,4.99043258677874,10,12.7087
"820",6.89972310728487,1.94591014905531,3.61091791264422,0,4.8283137373023,8,11.2897
"821",4.43081679884331,3.95124371858143,5.35185813347607,1,4.24849524204936,6,7.86064
"822",3.2188758248682,0,0.693147180559945,0,2.484906649788,0,4.07501
"823",2.63905732961526,0,3.93182563272433,1,2.89037175789616,2,5.11213
"824",7.27100853828099,0,4.91265488573605,3,5.54907608489522,26,22.443
"825",4.11087386417331,0,4.91998092582813,1,3.71357206670431,11,9.78677
"826",8.15822991695949,0,5.26269018890489,1,6.36475075685191,44,30.3272
"827",5.31811999384422,0.693147180559945,5.85793315448346,0,4.72738781871234,13,12.2134
"828",3.66356164612965,0,4.95582705760126,0,3.63758615972639,1,6.63337
"829",5.56452040732269,0,4.92725368515721,1,4.61512051684126,10,15.52
"830",3.2188758248682,0,4.49980967033027,1,2.63905732961526,1,0
"831",6.57228254269401,0,5.89440283426485,0,5.09375020080676,14,9.38026
"832",6.09356977004514,0,2.39789527279837,1,4.21950770517611,4,10.0398
"833",6.41673228251233,0,5.57594910314632,1,5.37063802812766,11,12.566
"834",6.00635315960173,0,0,1,4.24849524204936,2,7.90701
"835",6.33505425149806,0.693147180559945,6.2363695902037,1,5.48479693349065,16,17.658
"836",6.00881318544259,0,2.77258872223978,1,4.06044301054642,1,1.70656
"837",5.14749447681345,0,5.5834963087817,0,4.12713438504509,6,10.0345
"838",7.99193051985248,0,4.46590811865458,2,5.8406416573734,40,29.3011
"839",5.73979291217923,0,4.9416424226093,1,4.00733318523247,21,11.9023
"840",5.40267738187228,4.04305126783455,0,1,3.61091791264422,2,6.43425
"841",4.63472898822964,0,4.07753744390572,0,3.55534806148941,4,8.89835
"842",0,0,4.60517018598809,0,2.56494935746154,1,6.37753
"843",2.07944154167984,0,5.75574221358691,0,4.33073334028633,8,12.9551
"844",0,2.39789527279837,7.25276241805319,0,5.95064255258773,16,17.3722
"845",0,0,4.79579054559674,0,3.2188758248682,2,10.199
"846",5.33271879326537,0,6.43294009273918,0,4.80402104473326,8,7.96959
"847",4.38202663467388,0,4.30406509320417,0,1.94591014905531,5,8.18073
"848",6.58617165485467,0,6.64898455002478,1,4.97673374242057,27,20.8131
"849",4.40671924726425,0,5.6937321388027,0,3.80666248977032,7,8.27771
"850",7.76089319585102,0,6.82654522355659,0,6.66185474054531,26,21.0102
"851",0,0,5.57972982598622,1,3.80666248977032,32,21.493
"852",0,0,6.57228254269401,0,5.12396397940326,5,6.98868
"853",2.56494935746154,0,6.51174532964473,0,5.03043792139244,4,4.11229
"854",2.39789527279837,0,5.27299955856375,0,3.80666248977032,2,4.07501
"855",3.78418963391826,0,4.4188406077966,0,3.3322045101752,0,4.07501
"856",0,6.4118182677099,6.53233429222235,0,5.64190707093811,14,16.5532
"857",2.94443897916644,2.77258872223978,2.56494935746154,0,1.38629436111989,3,8.66785
"858",3.58351893845611,0,0,0,2.63905732961526,0,4.07501
"859",5.17614973257383,4.34380542185368,5.28320372873799,0,4.79579054559674,13,11.9865
"860",4.30406509320417,0,2.484906649788,0,2.56494935746154,3,8.12446
"861",7.55013534248843,0.693147180559945,7.69530313496357,1,6.8134445995109,48,26.5196
"862",6.25575004175337,0,5.97888576490112,0,5.40717177146012,17,17.5057
"863",4.99043258677874,0,3.89182029811063,0,3.55534806148941,3,8.12446
"864",3.52636052461616,0,0,0,2.56494935746154,0,4.07501
"865",0,3.29583686600433,4.24849524204936,0,3.36729582998647,1,5.26021
"866",3.73766961828337,2.56494935746154,6.54821910276237,0,5.14749447681345,15,14.9873
"867",4.66343909411207,1.38629436111989,3.17805383034795,0,2.77258872223978,0,4.07501
"868",6.76157276880406,0,7.58781721999343,0,6.17586727010576,36,23.0587
"869",6.28785856016178,0,5.37527840768417,0,5.26785815906333,7,11.8043
"870",4.24849524204936,0,4.90527477843843,0,4.06044301054642,5,12.1917
"871",3.25809653802148,0,2.484906649788,0,0,0,4.07501
"872",0.693147180559945,2.70805020110221,5.48893772615669,0,4.36944785246702,0,4.07501
"873",0,4.60517018598809,6.50279004591562,0,4.95582705760126,9,16.4146
"874",0,1.09861228866811,5.19849703126583,0,3.58351893845611,3,6.78997
"875",0.693147180559945,0.693147180559945,6.0330862217988,0,3.97029191355212,3,7.56809
"876",0,2.56494935746154,6.47543271670409,0,4.85981240436167,6,12.236
"877",0,5.12989871492307,3.80666248977032,0,3.76120011569356,1,4.07501
"878",0.693147180559945,5.03695260241363,3.43398720448515,0,3.3322045101752,0,4.07501
"879",0,6.30444880242198,4.27666611901606,0,4.88280192258637,2,5.00863
"880",0,4.40671924726425,2.19722457733622,0,2.07944154167984,0,4.07501
"881",6.21860011969173,0,3.78418963391826,0,4.86753445045558,3,5.19438
"882",6.79346613258001,6.69950034016168,0.693147180559945,0,6.04973345523196,24,20.0781
"883",7.52994337060159,3.36729582998647,0,0,6.07764224334903,27,27.8349
"884",2.56494935746154,3.98898404656427,6.00388706710654,0,3.58351893845611,1,6.60309
"885",0,4.43081679884331,4.02535169073515,0,2.94443897916644,0,4.07501
"886",5.06890420222023,6.60394382460047,6.04263283368238,0,5.65599181081985,5,10.091
"887",4.27666611901606,5.27811465923052,3.13549421592915,0,4.45434729625351,0,4.07501
"888",0,8.13241267450091,0,1,6.98656645940643,4,10.1694
"889",6.03787091992214,4.97673374242057,5.41610040220442,0,5.03043792139244,13,11.1327
"890",4.06044301054642,6.73933662735717,4.36944785246702,1,5.26785815906333,24,15.1859
"891",0,4.40671924726425,2.56494935746154,1,2.39789527279837,0,4.07501
"892",1.94591014905531,6.28599809450886,0.693147180559945,0,4.29045944114839,0,4.07501
"893",5.15329159449778,6.19440539110467,4.54329478227,0,5.13579843705026,1,5.08455
"894",0,4.59511985013459,1.79175946922805,0,2.484906649788,0,4.07501
"895",0,8.66905554072548,6.84800527457636,2,7.36897040219479,9,13.7363
"896",0,5.39816270151775,2.94443897916644,0,3.95124371858143,2,3.58477
"897",7.27724772663148,7.94732502701646,8.41161042884117,1,6.44571981938558,33,34.1638
"898",5.56452040732269,4.94875989037817,3.95124371858143,0,3.36729582998647,3,6.07783
"899",3.98898404656427,5.50533153593236,4.07753744390572,0,3.93182563272433,0,4.07501
"900",2.77258872223978,4.63472898822964,3.97029191355212,0,3.46573590279973,3,5.40022
"901",0,4.97673374242057,3.29583686600433,0,3.36729582998647,0,4.07501
"902",1.94591014905531,5.87493073085203,5.02388052084628,0,4.53259949315326,1,4.07501
"903",5.35658627467201,0,7.08422642209792,0,5.30330490805908,20,12.8587
"904",0,0,5.85793315448346,0,4.70048036579242,1,1.29561
"905",0,1.38629436111989,5.89989735358249,0,4.77912349311153,1,0
"906",0,3.46573590279973,6.16120732169508,0,4.97673374242057,1,5.15795
"907",0,3.85014760171006,4.56434819146784,0,3.09104245335832,1,4.07501
"908",3.13549421592915,4.9416424226093,4.9416424226093,0,3.91202300542815,0,4.07501
"909",5.03043792139244,2.39789527279837,5.5834963087817,0,4.49980967033027,1,0
"910",5.03695260241363,3.09104245335832,3.71357206670431,0,3.98898404656427,7,10.4506
"911",6.7428806357919,3.93182563272433,3.55534806148941,0,5.55682806169954,18,14.3292
"912",0.693147180559945,4.82028156560504,2.70805020110221,0,3.17805383034795,0,4.07501
"913",2.19722457733622,4.91998092582813,2.83321334405622,0,3.09104245335832,0,4.07501
"914",0,5.35658627467201,3.40119738166216,0,3.66356164612965,0,4.07501
"915",3.52636052461616,5.04342511691925,2.30258509299405,0,3.09104245335832,0,4.07501
"916",3.40119738166216,5.0998664278242,4.12713438504509,0,3.66356164612965,0,4.07501
"917",0,0,7.12286665859908,0,5.62401750618734,2,9.45026
"918",3.46573590279973,0.693147180559945,5.76205138278018,0,4.39444915467244,2,8.16696
"919",3.68887945411394,4.44265125649032,7.16472037877186,1,1.94591014905531,17,19.8025
"920",4.17438726989564,5.95583736946483,5.35658627467201,0,4.82028156560504,3,4.8759
"921",0,4.61512051684126,3.09104245335832,0,3.25809653802148,1,5.53745
"922",0,9.12521811855935,6.57646956904822,0,8.14612951002541,43,24.6219
"923",3.3322045101752,3.46573590279973,3.17805383034795,0,2.56494935746154,5,4.08525
"924",4.64439089914137,0,0,0,2.94443897916644,1,6.8559
"925",0,0,4.39444915467244,0,2.77258872223978,3,5.2415
"926",0,4.57471097850338,3.63758615972639,0,3.13549421592915,0,4.07501
"927",3.80666248977032,4.36944785246702,3.61091791264422,0,3.13549421592915,0,4.07501
"928",3.52636052461616,4.20469261939097,3.55534806148941,0,3.13549421592915,0,4.07501
"929",3.76120011569356,4.21950770517611,3.89182029811063,0,3.13549421592915,0,4.07501
"930",2.70805020110221,4.04305126783455,3.8286413964891,0,2.83321334405622,0,4.07501
"931",0,5.48479693349065,6.57507584059962,0,4.98360662170834,0,5.1154
"932",0.693147180559945,1.38629436111989,4.95582705760126,0,3.78418963391826,1,4.07501
"933",0,4.46590811865458,4.02535169073515,0,2.77258872223978,0,4.07501
"934",0,4.89783979995091,2.99573227355399,0,3.52636052461616,1,2.26443
"935",0,6.12905021006055,2.484906649788,0,4.85203026391962,1,4.23122
"936",0,5.01063529409626,2.30258509299405,0,3.52636052461616,1,2.64277
"937",0.693147180559945,4.04305126783455,4.94875989037817,0,3.76120011569356,0,7.6074
"938",7.99900721324395,7.01031186730723,8.66181288102618,4,7.54591815120932,68,42.8108
"939",0,4.83628190695148,3.17805383034795,0,3.63758615972639,0,2.36846
"940",3.91202300542815,2.30258509299405,6.23832462503951,0,4.969813299576,1,3.76257
"941",4.35670882668959,1.38629436111989,6.19847871649231,0,4.97673374242057,1,2.27054
"942",0,0,4.9416424226093,0,3.3322045101752,0,1.35903
"943",1.94591014905531,0,3.52636052461616,0,1.38629436111989,4,10.5335
"944",6.5792512120101,4.29045944114839,0,1,5.22035582507832,13,11.2364
"945",6.31535800152233,5.53338948872752,2.07944154167984,1,5.11799381241676,12,19.6547
"946",4.7361984483945,3.2188758248682,3.3322045101752,0,3.2188758248682,3,6.40012
"947",5.27811465923052,1.09861228866811,3.89182029811063,0,2.89037175789616,1,4.07501
"948",6.01615715969835,3.71357206670431,5.48063892334199,0,4.97673374242057,8,8.15196
"949",6.89972310728487,6.27476202124194,0.693147180559945,0,5.82008293035236,6,11.7816
"950",7.12689080889881,4.93447393313069,0,2,5.74300318780948,12,16.9073
"951",6.93925394604151,7.29776828253138,0,0,6.51323011091231,15,13.596
"952",7.53315880745556,6.44413125670044,0,2,6.31354804627709,9,14.4405
"953",5.73009978297357,5.05624580534831,1.38629436111989,1,4.62497281328427,3,7.10146
"954",7.78821155784708,1.38629436111989,1.6094379124341,2,5.73334127689775,11,20.7216
"955",7.51806418123308,6.63856778916652,1.94591014905531,2,6.38350663488401,16,17.8868
"956",5.37989735354046,2.89037175789616,4.49980967033027,0,4.20469261939097,8,13.175
"957",4.76217393479776,2.07944154167984,1.38629436111989,0,3.25809653802148,1,10.8205
"958",5.62040086571715,3.49650756146648,0,0,4.33073334028633,2,7.79015
"959",6.60394382460047,4.85981240436167,5.78996017089725,0,5.4553211153577,17,14.5431
"960",5.35185813347607,1.79175946922805,1.09861228866811,0,4.04305126783455,3,7.94507
"961",6.81673588059497,2.83321334405622,6.99942246750796,0,5.80814248998044,16,14.7972
"962",5.22035582507832,3.29583686600433,5.8111409929767,0,4.60517018598809,2,4.08525
"963",5.2040066870768,0,5.84354441703136,0,4.65396035015752,9,6.62518
"964",4.44265125649032,1.6094379124341,3.98898404656427,0,3.29583686600433,0,4.07501
"965",0,0,3.87120101090789,0,1.38629436111989,0,4.07501
"966",6.32435896238131,5.29330482472449,5.73657229747919,0,5.54517744447956,4,9.14442
"967",4.36944785246702,0,3.61091791264422,0,3.25809653802148,1,4.07501
"968",2.99573227355399,0,3.25809653802148,0,1.6094379124341,0,1.70656
"969",0,4.78749174278205,6.77308037565554,0,5.6021188208797,18,10.6845
"970",0,2.94443897916644,4.27666611901606,0,3.09104245335832,0,1.70656
"971",6.17378610390194,6.8134445995109,3.49650756146648,0,3.76120011569356,9,7.58317
"972",4.20469261939097,4.15888308335967,1.79175946922805,0,3.29583686600433,4,2.71087
"973",8.1656479252975,9.54516840048491,7.85360481309784,2,7.13009851012558,132,38.6091
"974",0,4.74493212836325,5.4510384535657,0,4.02535169073515,2,2.36846
"975",0.693147180559945,5.67675380226828,6.07534603108868,0,5.01063529409626,1,4.39643
"976",0,6.18620862390049,5.33271879326537,0,4.91998092582813,2,4.22835
"977",0,6.09807428216624,6.90274273715859,0,5.59842195899838,4,7.2605
"978",0,1.79175946922805,5.62401750618734,0,3.80666248977032,4,3.17525
"979",2.70805020110221,0,5.64190707093811,0,3.93182563272433,4,3.80102
"980",0.693147180559945,3.63758615972639,4.30406509320417,0,2.77258872223978,1,2.36846
"981",0,6.37842618365159,6.35610766069589,0,5.44673737166631,6,10.7828
"982",0,6.42162226780652,6.14203740558736,0,5.62401750618734,2,4.13043
"983",0,5.98896141688986,5.99893656194668,0,4.80402104473326,4,6.03322
"984",0,5.08759633523238,4.77912349311153,0,3.89182029811063,1,2.36846
"985",0,3.40119738166216,5.68017260901707,0,4.40671924726425,4,3.17525
"986",4.02535169073515,6.27664348934164,7.67554600253785,0,5.91620206260743,31,26.0554
"987",7.01211529430638,7.70930833338587,9.79076668247201,2,7.66902828858968,63,24.8471
"988",0,4.78749174278205,3.36729582998647,0,3.3322045101752,3,1.15638
"989",0.693147180559945,6.80350525760834,5.32300997913841,0,5.47646355193151,8,1.84991
"990",0.693147180559945,4.84418708645859,3.73766961828337,0,3.3322045101752,6,1.15638
"991",2.70805020110221,3.2188758248682,3.29583686600433,0,2.39789527279837,3,1.15638
"992",0,6.77078942390898,3.91202300542815,0,5.28826703069454,7,1.69533
"993",4.79579054559674,7.65396918047877,3.89182029811063,5,6.20657592672493,17,2.62803
"994",0,4.44265125649032,3.78418963391826,0,2.83321334405622,13,4.55853
"995",0,5.09375020080676,6.90775527898214,0,4.88280192258637,5,7.25753
"996",0,3.49650756146648,1.6094379124341,0,2.19722457733622,1,2.96868
"997",1.09861228866811,9.17024727840974,8.10288913464087,9,8.06620756800626,102,36.1202
